numero,grupo_taxonomico,classe,ordem,familia,nome_cientifico,categoria_nacional,pagina_pdf,fonte
1,Peixes Continentais,Actinopterygii,Atheriniformes,Atherinopsidae,Odontesthes bicudo,EN,1,https://www.gov.br/icmbio/pt-br/assuntos/biodiversidade/pan/saiba-mais/documentos-e-downloads/9-portaria-gm_mma-no-1-667-de-27-de-abril-de-2026.pdf
2,Peixes Continentais,Actinopterygii,Characiformes,Anostomidae,Hypomasticus santanai,EN,1,https://www.gov.br/icmbio/pt-br/assuntos/biodiversidade/pan/saiba-mais/documentos-e-downloads/9-portaria-gm_mma-no-1-667-de-27-de-abril-de-2026.pdf
3,Peixes Continentais,Actinopterygii,Characiformes,Anostomidae,Leporinus guttatus,EN,1,https://www.gov.br/icmbio/pt-br/assuntos/biodiversidade/pan/saiba-mais/documentos-e-downloads/9-portaria-gm_mma-no-1-667-de-27-de-abril-de-2026.pdf
4,Peixes Continentais,Actinopterygii,Characiformes,Anostomidae,Leporinus pitingai,EN,1,https://www.gov.br/icmbio/pt-br/assuntos/biodiversidade/pan/saiba-mais/documentos-e-downloads/9-portaria-gm_mma-no-1-667-de-27-de-abril-de-2026.pdf
5,Peixes Continentais,Actinopterygii,Characiformes,Anostomidae,Megaleporinus gaiero,VU,1,https://www.gov.br/icmbio/pt-br/assuntos/biodiversidade/pan/saiba-mais/documentos-e-downloads/9-portaria-gm_mma-no-1-667-de-27-de-abril-de-2026.pdf
6,Peixes Continentais,Actinopterygii,Characiformes,Anostomidae,Sartor tucuruiensis,EN,1,https://www.gov.br/icmbio/pt-br/assuntos/biodiversidade/pan/saiba-mais/documentos-e-downloads/9-portaria-gm_mma-no-1-667-de-27-de-abril-de-2026.pdf
7,Peixes Continentais,Actinopterygii,Characiformes,Bryconidae,Brycon dulcis,VU,1,https://www.gov.br/icmbio/pt-br/assuntos/biodiversidade/pan/saiba-mais/documentos-e-downloads/9-portaria-gm_mma-no-1-667-de-27-de-abril-de-2026.pdf
8,Peixes Continentais,Actinopterygii,Characiformes,Bryconidae,Brycon gouldingi,VU,1,https://www.gov.br/icmbio/pt-br/assuntos/biodiversidade/pan/saiba-mais/documentos-e-downloads/9-portaria-gm_mma-no-1-667-de-27-de-abril-de-2026.pdf
9,Peixes Continentais,Actinopterygii,Characiformes,Bryconidae,Brycon orbignyanus,CR,1,https://www.gov.br/icmbio/pt-br/assuntos/biodiversidade/pan/saiba-mais/documentos-e-downloads/9-portaria-gm_mma-no-1-667-de-27-de-abril-de-2026.pdf
10,Peixes Continentais,Actinopterygii,Characiformes,Bryconidae,Brycon vermelha,EN,1,https://www.gov.br/icmbio/pt-br/assuntos/biodiversidade/pan/saiba-mais/documentos-e-downloads/9-portaria-gm_mma-no-1-667-de-27-de-abril-de-2026.pdf
11,Peixes Continentais,Actinopterygii,Characiformes,Bryconidae,Brycon vonoi,EN,1,https://www.gov.br/icmbio/pt-br/assuntos/biodiversidade/pan/saiba-mais/documentos-e-downloads/9-portaria-gm_mma-no-1-667-de-27-de-abril-de-2026.pdf
12,Peixes Continentais,Actinopterygii,Characiformes,Characidae,Astyanax brucutu,CR,1,https://www.gov.br/icmbio/pt-br/assuntos/biodiversidade/pan/saiba-mais/documentos-e-downloads/9-portaria-gm_mma-no-1-667-de-27-de-abril-de-2026.pdf
13,Peixes Continentais,Actinopterygii,Characiformes,Characidae,Astyanax eremus,CR,1,https://www.gov.br/icmbio/pt-br/assuntos/biodiversidade/pan/saiba-mais/documentos-e-downloads/9-portaria-gm_mma-no-1-667-de-27-de-abril-de-2026.pdf
14,Peixes Continentais,Actinopterygii,Characiformes,Characidae,Hasemania maxillaris,CR,1,https://www.gov.br/icmbio/pt-br/assuntos/biodiversidade/pan/saiba-mais/documentos-e-downloads/9-portaria-gm_mma-no-1-667-de-27-de-abril-de-2026.pdf
15,Peixes Continentais,Actinopterygii,Characiformes,Characidae,Hasemania melanura,CR,2,https://www.gov.br/icmbio/pt-br/assuntos/biodiversidade/pan/saiba-mais/documentos-e-downloads/9-portaria-gm_mma-no-1-667-de-27-de-abril-de-2026.pdf
16,Peixes Continentais,Actinopterygii,Characiformes,Characidae,Hasemania piatan,EN,2,https://www.gov.br/icmbio/pt-br/assuntos/biodiversidade/pan/saiba-mais/documentos-e-downloads/9-portaria-gm_mma-no-1-667-de-27-de-abril-de-2026.pdf
17,Peixes Continentais,Actinopterygii,Characiformes,Characidae,Hollandichthys taramandahy,VU,2,https://www.gov.br/icmbio/pt-br/assuntos/biodiversidade/pan/saiba-mais/documentos-e-downloads/9-portaria-gm_mma-no-1-667-de-27-de-abril-de-2026.pdf
18,Peixes Continentais,Actinopterygii,Characiformes,Acestrorhamphidae,Hyphessobrycon cantoi,EN,2,https://www.gov.br/icmbio/pt-br/assuntos/biodiversidade/pan/saiba-mais/documentos-e-downloads/9-portaria-gm_mma-no-1-667-de-27-de-abril-de-2026.pdf
19,Peixes Continentais,Actinopterygii,Characiformes,Characidae,Hyphessobrycon duragenys,EN,2,https://www.gov.br/icmbio/pt-br/assuntos/biodiversidade/pan/saiba-mais/documentos-e-downloads/9-portaria-gm_mma-no-1-667-de-27-de-abril-de-2026.pdf
20,Peixes Continentais,Actinopterygii,Characiformes,Characidae,Hyphessobrycon flammeus,EN,2,https://www.gov.br/icmbio/pt-br/assuntos/biodiversidade/pan/saiba-mais/documentos-e-downloads/9-portaria-gm_mma-no-1-667-de-27-de-abril-de-2026.pdf
21,Peixes Continentais,Actinopterygii,Characiformes,Characidae,Hyphessobrycon taurocephalus,CR,2,https://www.gov.br/icmbio/pt-br/assuntos/biodiversidade/pan/saiba-mais/documentos-e-downloads/9-portaria-gm_mma-no-1-667-de-27-de-abril-de-2026.pdf
22,Peixes Continentais,Actinopterygii,Characiformes,Characidae,Hyphessobrycon veredus,EN,2,https://www.gov.br/icmbio/pt-br/assuntos/biodiversidade/pan/saiba-mais/documentos-e-downloads/9-portaria-gm_mma-no-1-667-de-27-de-abril-de-2026.pdf
23,Peixes Continentais,Actinopterygii,Characiformes,Stevardiidae,Knodus dorsomaculatus,EN,2,https://www.gov.br/icmbio/pt-br/assuntos/biodiversidade/pan/saiba-mais/documentos-e-downloads/9-portaria-gm_mma-no-1-667-de-27-de-abril-de-2026.pdf
24,Peixes Continentais,Actinopterygii,Characiformes,Characidae,Kolpotocheirodon figueiredoi,CR,2,https://www.gov.br/icmbio/pt-br/assuntos/biodiversidade/pan/saiba-mais/documentos-e-downloads/9-portaria-gm_mma-no-1-667-de-27-de-abril-de-2026.pdf
25,Peixes Continentais,Actinopterygii,Characiformes,Characidae,Lepidocharax diamantina,EN,2,https://www.gov.br/icmbio/pt-br/assuntos/biodiversidade/pan/saiba-mais/documentos-e-downloads/9-portaria-gm_mma-no-1-667-de-27-de-abril-de-2026.pdf
26,Peixes Continentais,Actinopterygii,Characiformes,Characidae,Mimagoniates lateralis,VU,2,https://www.gov.br/icmbio/pt-br/assuntos/biodiversidade/pan/saiba-mais/documentos-e-downloads/9-portaria-gm_mma-no-1-667-de-27-de-abril-de-2026.pdf
27,Peixes Continentais,Actinopterygii,Characiformes,Characidae,Mimagoniates sylvicola,EN,2,https://www.gov.br/icmbio/pt-br/assuntos/biodiversidade/pan/saiba-mais/documentos-e-downloads/9-portaria-gm_mma-no-1-667-de-27-de-abril-de-2026.pdf
28,Peixes Continentais,Actinopterygii,Characiformes,Acestrorhamphidae,Moenkhausia parecis,EN,2,https://www.gov.br/icmbio/pt-br/assuntos/biodiversidade/pan/saiba-mais/documentos-e-downloads/9-portaria-gm_mma-no-1-667-de-27-de-abril-de-2026.pdf
29,Peixes Continentais,Actinopterygii,Characiformes,Characidae,Nematocharax varii,EN,2,https://www.gov.br/icmbio/pt-br/assuntos/biodiversidade/pan/saiba-mais/documentos-e-downloads/9-portaria-gm_mma-no-1-667-de-27-de-abril-de-2026.pdf
30,Peixes Continentais,Actinopterygii,Characiformes,Characidae,Psalidodon crenuchoides,EN,2,https://www.gov.br/icmbio/pt-br/assuntos/biodiversidade/pan/saiba-mais/documentos-e-downloads/9-portaria-gm_mma-no-1-667-de-27-de-abril-de-2026.pdf
31,Peixes Continentais,Actinopterygii,Characiformes,Characidae,Psalidodon uberaba,EN,2,https://www.gov.br/icmbio/pt-br/assuntos/biodiversidade/pan/saiba-mais/documentos-e-downloads/9-portaria-gm_mma-no-1-667-de-27-de-abril-de-2026.pdf
32,Peixes Continentais,Actinopterygii,Characiformes,Characidae,Rachoviscus crassiceps,VU,2,https://www.gov.br/icmbio/pt-br/assuntos/biodiversidade/pan/saiba-mais/documentos-e-downloads/9-portaria-gm_mma-no-1-667-de-27-de-abril-de-2026.pdf
33,Peixes Continentais,Actinopterygii,Characiformes,Characidae,Rachoviscus graciliceps,EN,2,https://www.gov.br/icmbio/pt-br/assuntos/biodiversidade/pan/saiba-mais/documentos-e-downloads/9-portaria-gm_mma-no-1-667-de-27-de-abril-de-2026.pdf
34,Peixes Continentais,Actinopterygii,Characiformes,Characidae,Spintherobolus ankoseion,VU,2,https://www.gov.br/icmbio/pt-br/assuntos/biodiversidade/pan/saiba-mais/documentos-e-downloads/9-portaria-gm_mma-no-1-667-de-27-de-abril-de-2026.pdf
35,Peixes Continentais,Actinopterygii,Characiformes,Characidae,Stygichthys typhlops,CR,2,https://www.gov.br/icmbio/pt-br/assuntos/biodiversidade/pan/saiba-mais/documentos-e-downloads/9-portaria-gm_mma-no-1-667-de-27-de-abril-de-2026.pdf
36,Peixes Continentais,Actinopterygii,Characiformes,Crenuchidae,Characidium onca,EN,2,https://www.gov.br/icmbio/pt-br/assuntos/biodiversidade/pan/saiba-mais/documentos-e-downloads/9-portaria-gm_mma-no-1-667-de-27-de-abril-de-2026.pdf
37,Peixes Continentais,Actinopterygii,Characiformes,Crenuchidae,Characidium vestigipinne,EN,2,https://www.gov.br/icmbio/pt-br/assuntos/biodiversidade/pan/saiba-mais/documentos-e-downloads/9-portaria-gm_mma-no-1-667-de-27-de-abril-de-2026.pdf
38,Peixes Continentais,Actinopterygii,Characiformes,Curimatidae,Cyphocharax jagunco,CR,2,https://www.gov.br/icmbio/pt-br/assuntos/biodiversidade/pan/saiba-mais/documentos-e-downloads/9-portaria-gm_mma-no-1-667-de-27-de-abril-de-2026.pdf
39,Peixes Continentais,Actinopterygii,Characiformes,Lebiasinidae,Lebiasina marilynae,VU,2,https://www.gov.br/icmbio/pt-br/assuntos/biodiversidade/pan/saiba-mais/documentos-e-downloads/9-portaria-gm_mma-no-1-667-de-27-de-abril-de-2026.pdf
40,Peixes Continentais,Actinopterygii,Characiformes,Lebiasinidae,Lebiasina minuta,VU,2,https://www.gov.br/icmbio/pt-br/assuntos/biodiversidade/pan/saiba-mais/documentos-e-downloads/9-portaria-gm_mma-no-1-667-de-27-de-abril-de-2026.pdf
41,Peixes Continentais,Actinopterygii,Characiformes,Prochilodontidae,Prochilodus britskii,VU,2,https://www.gov.br/icmbio/pt-br/assuntos/biodiversidade/pan/saiba-mais/documentos-e-downloads/9-portaria-gm_mma-no-1-667-de-27-de-abril-de-2026.pdf
42,Peixes Continentais,Actinopterygii,Characiformes,Prochilodontidae,Prochilodus harttii,VU,2,https://www.gov.br/icmbio/pt-br/assuntos/biodiversidade/pan/saiba-mais/documentos-e-downloads/9-portaria-gm_mma-no-1-667-de-27-de-abril-de-2026.pdf
43,Peixes Continentais,Actinopterygii,Characiformes,Prochilodontidae,Prochilodus vimboides,VU,2,https://www.gov.br/icmbio/pt-br/assuntos/biodiversidade/pan/saiba-mais/documentos-e-downloads/9-portaria-gm_mma-no-1-667-de-27-de-abril-de-2026.pdf
44,Peixes Continentais,Actinopterygii,Characiformes,Serrasalmidae,Colossoma macropomum,VU,2,https://www.gov.br/icmbio/pt-br/assuntos/biodiversidade/pan/saiba-mais/documentos-e-downloads/9-portaria-gm_mma-no-1-667-de-27-de-abril-de-2026.pdf
45,Peixes Continentais,Actinopterygii,Cichliformes,Cichlidae,Crenicichla jupiaensis,EN,2,https://www.gov.br/icmbio/pt-br/assuntos/biodiversidade/pan/saiba-mais/documentos-e-downloads/9-portaria-gm_mma-no-1-667-de-27-de-abril-de-2026.pdf
46,Peixes Continentais,Actinopterygii,Cichliformes,Cichlidae,Teleocichla centisquama,VU,2,https://www.gov.br/icmbio/pt-br/assuntos/biodiversidade/pan/saiba-mais/documentos-e-downloads/9-portaria-gm_mma-no-1-667-de-27-de-abril-de-2026.pdf
47,Peixes Continentais,Actinopterygii,Cichliformes,Cichlidae,Wallaciia urosema,VU,3,https://www.gov.br/icmbio/pt-br/assuntos/biodiversidade/pan/saiba-mais/documentos-e-downloads/9-portaria-gm_mma-no-1-667-de-27-de-abril-de-2026.pdf
48,Peixes Continentais,Actinopterygii,Cyprinodontiformes,Anablepidae,Jenynsia sanctaecatarinae,EN,3,https://www.gov.br/icmbio/pt-br/assuntos/biodiversidade/pan/saiba-mais/documentos-e-downloads/9-portaria-gm_mma-no-1-667-de-27-de-abril-de-2026.pdf
49,Peixes Continentais,Actinopterygii,Cyprinodontiformes,Poeciliidae,Cnesterodon carnegiei,VU,3,https://www.gov.br/icmbio/pt-br/assuntos/biodiversidade/pan/saiba-mais/documentos-e-downloads/9-portaria-gm_mma-no-1-667-de-27-de-abril-de-2026.pdf
50,Peixes Continentais,Actinopterygii,Cyprinodontiformes,Poeciliidae,Cnesterodon omorgmatos,CR,3,https://www.gov.br/icmbio/pt-br/assuntos/biodiversidade/pan/saiba-mais/documentos-e-downloads/9-portaria-gm_mma-no-1-667-de-27-de-abril-de-2026.pdf
51,Peixes Continentais,Actinopterygii,Cyprinodontiformes,Poeciliidae,Phalloptychus eigenmanni,EN,3,https://www.gov.br/icmbio/pt-br/assuntos/biodiversidade/pan/saiba-mais/documentos-e-downloads/9-portaria-gm_mma-no-1-667-de-27-de-abril-de-2026.pdf
52,Peixes Continentais,Actinopterygii,Cyprinodontiformes,Poeciliidae,Phalloptychus iheringii,VU,3,https://www.gov.br/icmbio/pt-br/assuntos/biodiversidade/pan/saiba-mais/documentos-e-downloads/9-portaria-gm_mma-no-1-667-de-27-de-abril-de-2026.pdf
53,Peixes Continentais,Actinopterygii,Cyprinodontiformes,Poeciliidae,Phallotorynus fasciolatus,CR,3,https://www.gov.br/icmbio/pt-br/assuntos/biodiversidade/pan/saiba-mais/documentos-e-downloads/9-portaria-gm_mma-no-1-667-de-27-de-abril-de-2026.pdf
54,Peixes Continentais,Actinopterygii,Cyprinodontiformes,Poeciliidae,Poecilia akroa,EN,3,https://www.gov.br/icmbio/pt-br/assuntos/biodiversidade/pan/saiba-mais/documentos-e-downloads/9-portaria-gm_mma-no-1-667-de-27-de-abril-de-2026.pdf
55,Peixes Continentais,Actinopterygii,Cyprinodontiformes,Poeciliidae,Poecilia pertapeh,CR,3,https://www.gov.br/icmbio/pt-br/assuntos/biodiversidade/pan/saiba-mais/documentos-e-downloads/9-portaria-gm_mma-no-1-667-de-27-de-abril-de-2026.pdf
56,Peixes Continentais,Actinopterygii,Cyprinodontiformes,Rivulidae,Acrolebias carvalhoi,CR,3,https://www.gov.br/icmbio/pt-br/assuntos/biodiversidade/pan/saiba-mais/documentos-e-downloads/9-portaria-gm_mma-no-1-667-de-27-de-abril-de-2026.pdf
57,Peixes Continentais,Actinopterygii,Cyprinodontiformes,Rivulidae,Anablepsoides cearensis,VU,3,https://www.gov.br/icmbio/pt-br/assuntos/biodiversidade/pan/saiba-mais/documentos-e-downloads/9-portaria-gm_mma-no-1-667-de-27-de-abril-de-2026.pdf
58,Peixes Continentais,Actinopterygii,Cyprinodontiformes,Rivulidae,Atlantirivulus lazzarotoi,CR,3,https://www.gov.br/icmbio/pt-br/assuntos/biodiversidade/pan/saiba-mais/documentos-e-downloads/9-portaria-gm_mma-no-1-667-de-27-de-abril-de-2026.pdf
59,Peixes Continentais,Actinopterygii,Cyprinodontiformes,Rivulidae,Atlantirivulus maricensis,CR,3,https://www.gov.br/icmbio/pt-br/assuntos/biodiversidade/pan/saiba-mais/documentos-e-downloads/9-portaria-gm_mma-no-1-667-de-27-de-abril-de-2026.pdf
60,Peixes Continentais,Actinopterygii,Cyprinodontiformes,Rivulidae,Atlantirivulus nudiventris,CR,3,https://www.gov.br/icmbio/pt-br/assuntos/biodiversidade/pan/saiba-mais/documentos-e-downloads/9-portaria-gm_mma-no-1-667-de-27-de-abril-de-2026.pdf
61,Peixes Continentais,Actinopterygii,Cyprinodontiformes,Rivulidae,Atlantirivulus simplicis,EN,3,https://www.gov.br/icmbio/pt-br/assuntos/biodiversidade/pan/saiba-mais/documentos-e-downloads/9-portaria-gm_mma-no-1-667-de-27-de-abril-de-2026.pdf
62,Peixes Continentais,Actinopterygii,Cyprinodontiformes,Rivulidae,Acantholebias quirogai,CR,3,https://www.gov.br/icmbio/pt-br/assuntos/biodiversidade/pan/saiba-mais/documentos-e-downloads/9-portaria-gm_mma-no-1-667-de-27-de-abril-de-2026.pdf
63,Peixes Continentais,Actinopterygii,Cyprinodontiformes,Rivulidae,Austrolebias ephemerus,EN,3,https://www.gov.br/icmbio/pt-br/assuntos/biodiversidade/pan/saiba-mais/documentos-e-downloads/9-portaria-gm_mma-no-1-667-de-27-de-abril-de-2026.pdf
64,Peixes Continentais,Actinopterygii,Cyprinodontiformes,Rivulidae,Austrolebias univentripinnis,EN,3,https://www.gov.br/icmbio/pt-br/assuntos/biodiversidade/pan/saiba-mais/documentos-e-downloads/9-portaria-gm_mma-no-1-667-de-27-de-abril-de-2026.pdf
65,Peixes Continentais,Actinopterygii,Cyprinodontiformes,Rivulidae,Amatolebias varzeae,CR,3,https://www.gov.br/icmbio/pt-br/assuntos/biodiversidade/pan/saiba-mais/documentos-e-downloads/9-portaria-gm_mma-no-1-667-de-27-de-abril-de-2026.pdf
66,Peixes Continentais,Actinopterygii,Cyprinodontiformes,Rivulidae,Campellolebias brucei,CR,3,https://www.gov.br/icmbio/pt-br/assuntos/biodiversidade/pan/saiba-mais/documentos-e-downloads/9-portaria-gm_mma-no-1-667-de-27-de-abril-de-2026.pdf
67,Peixes Continentais,Actinopterygii,Cyprinodontiformes,Rivulidae,Campellolebias chrysolineatus,CR,3,https://www.gov.br/icmbio/pt-br/assuntos/biodiversidade/pan/saiba-mais/documentos-e-downloads/9-portaria-gm_mma-no-1-667-de-27-de-abril-de-2026.pdf
68,Peixes Continentais,Actinopterygii,Cyprinodontiformes,Rivulidae,Campellolebias dorsimaculatus,CR,3,https://www.gov.br/icmbio/pt-br/assuntos/biodiversidade/pan/saiba-mais/documentos-e-downloads/9-portaria-gm_mma-no-1-667-de-27-de-abril-de-2026.pdf
69,Peixes Continentais,Actinopterygii,Cyprinodontiformes,Rivulidae,Campellolebias intermedius,CR,3,https://www.gov.br/icmbio/pt-br/assuntos/biodiversidade/pan/saiba-mais/documentos-e-downloads/9-portaria-gm_mma-no-1-667-de-27-de-abril-de-2026.pdf
70,Peixes Continentais,Actinopterygii,Cyprinodontiformes,Rivulidae,Cynolebias akroa,VU,3,https://www.gov.br/icmbio/pt-br/assuntos/biodiversidade/pan/saiba-mais/documentos-e-downloads/9-portaria-gm_mma-no-1-667-de-27-de-abril-de-2026.pdf
71,Peixes Continentais,Actinopterygii,Cyprinodontiformes,Rivulidae,Cynolebias elegans,CR,3,https://www.gov.br/icmbio/pt-br/assuntos/biodiversidade/pan/saiba-mais/documentos-e-downloads/9-portaria-gm_mma-no-1-667-de-27-de-abril-de-2026.pdf
72,Peixes Continentais,Actinopterygii,Cyprinodontiformes,Rivulidae,Cynolebias gorutuba,EN,3,https://www.gov.br/icmbio/pt-br/assuntos/biodiversidade/pan/saiba-mais/documentos-e-downloads/9-portaria-gm_mma-no-1-667-de-27-de-abril-de-2026.pdf
73,Peixes Continentais,Actinopterygii,Cyprinodontiformes,Rivulidae,Cynolebias griseus,EN,3,https://www.gov.br/icmbio/pt-br/assuntos/biodiversidade/pan/saiba-mais/documentos-e-downloads/9-portaria-gm_mma-no-1-667-de-27-de-abril-de-2026.pdf
74,Peixes Continentais,Actinopterygii,Cyprinodontiformes,Rivulidae,Cynolebias leptocephalus,EN,3,https://www.gov.br/icmbio/pt-br/assuntos/biodiversidade/pan/saiba-mais/documentos-e-downloads/9-portaria-gm_mma-no-1-667-de-27-de-abril-de-2026.pdf
75,Peixes Continentais,Actinopterygii,Cyprinodontiformes,Rivulidae,Cynolebias parnaibensis,CR,3,https://www.gov.br/icmbio/pt-br/assuntos/biodiversidade/pan/saiba-mais/documentos-e-downloads/9-portaria-gm_mma-no-1-667-de-27-de-abril-de-2026.pdf
76,Peixes Continentais,Actinopterygii,Cyprinodontiformes,Rivulidae,Cynopoecilus feltrini,VU,3,https://www.gov.br/icmbio/pt-br/assuntos/biodiversidade/pan/saiba-mais/documentos-e-downloads/9-portaria-gm_mma-no-1-667-de-27-de-abril-de-2026.pdf
77,Peixes Continentais,Actinopterygii,Cyprinodontiformes,Rivulidae,Cynopoecilus intimus,EN,3,https://www.gov.br/icmbio/pt-br/assuntos/biodiversidade/pan/saiba-mais/documentos-e-downloads/9-portaria-gm_mma-no-1-667-de-27-de-abril-de-2026.pdf
78,Peixes Continentais,Actinopterygii,Cyprinodontiformes,Rivulidae,Cypholebias cinereus,CR,3,https://www.gov.br/icmbio/pt-br/assuntos/biodiversidade/pan/saiba-mais/documentos-e-downloads/9-portaria-gm_mma-no-1-667-de-27-de-abril-de-2026.pdf
79,Peixes Continentais,Actinopterygii,Cyprinodontiformes,Rivulidae,Garcialebias adloffi,EN,4,https://www.gov.br/icmbio/pt-br/assuntos/biodiversidade/pan/saiba-mais/documentos-e-downloads/9-portaria-gm_mma-no-1-667-de-27-de-abril-de-2026.pdf
80,Peixes Continentais,Actinopterygii,Cyprinodontiformes,Rivulidae,Garcialebias arachan,VU,4,https://www.gov.br/icmbio/pt-br/assuntos/biodiversidade/pan/saiba-mais/documentos-e-downloads/9-portaria-gm_mma-no-1-667-de-27-de-abril-de-2026.pdf
81,Peixes Continentais,Actinopterygii,Cyprinodontiformes,Rivulidae,Garcialebias araucarianus,VU,4,https://www.gov.br/icmbio/pt-br/assuntos/biodiversidade/pan/saiba-mais/documentos-e-downloads/9-portaria-gm_mma-no-1-667-de-27-de-abril-de-2026.pdf
82,Peixes Continentais,Actinopterygii,Cyprinodontiformes,Rivulidae,Garcialebias bagual,CR,4,https://www.gov.br/icmbio/pt-br/assuntos/biodiversidade/pan/saiba-mais/documentos-e-downloads/9-portaria-gm_mma-no-1-667-de-27-de-abril-de-2026.pdf
83,Peixes Continentais,Actinopterygii,Cyprinodontiformes,Rivulidae,Garcialebias botocudo,CR,4,https://www.gov.br/icmbio/pt-br/assuntos/biodiversidade/pan/saiba-mais/documentos-e-downloads/9-portaria-gm_mma-no-1-667-de-27-de-abril-de-2026.pdf
84,Peixes Continentais,Actinopterygii,Cyprinodontiformes,Rivulidae,Garcialebias cheffei,CR,4,https://www.gov.br/icmbio/pt-br/assuntos/biodiversidade/pan/saiba-mais/documentos-e-downloads/9-portaria-gm_mma-no-1-667-de-27-de-abril-de-2026.pdf
85,Peixes Continentais,Actinopterygii,Cyprinodontiformes,Rivulidae,Garcialebias lourenciano,CR,4,https://www.gov.br/icmbio/pt-br/assuntos/biodiversidade/pan/saiba-mais/documentos-e-downloads/9-portaria-gm_mma-no-1-667-de-27-de-abril-de-2026.pdf
86,Peixes Continentais,Actinopterygii,Cyprinodontiformes,Rivulidae,Garcialebias nachtigalli,VU,4,https://www.gov.br/icmbio/pt-br/assuntos/biodiversidade/pan/saiba-mais/documentos-e-downloads/9-portaria-gm_mma-no-1-667-de-27-de-abril-de-2026.pdf
87,Peixes Continentais,Actinopterygii,Cyprinodontiformes,Rivulidae,Garcialebias nigrofasciatus,EN,4,https://www.gov.br/icmbio/pt-br/assuntos/biodiversidade/pan/saiba-mais/documentos-e-downloads/9-portaria-gm_mma-no-1-667-de-27-de-abril-de-2026.pdf
88,Peixes Continentais,Actinopterygii,Cyprinodontiformes,Rivulidae,Garcialebias nubium,CR,4,https://www.gov.br/icmbio/pt-br/assuntos/biodiversidade/pan/saiba-mais/documentos-e-downloads/9-portaria-gm_mma-no-1-667-de-27-de-abril-de-2026.pdf
89,Peixes Continentais,Actinopterygii,Cyprinodontiformes,Rivulidae,Garcialebias pelotapes,EN,4,https://www.gov.br/icmbio/pt-br/assuntos/biodiversidade/pan/saiba-mais/documentos-e-downloads/9-portaria-gm_mma-no-1-667-de-27-de-abril-de-2026.pdf
90,Peixes Continentais,Actinopterygii,Cyprinodontiformes,Rivulidae,Garcialebias pongondo,EN,4,https://www.gov.br/icmbio/pt-br/assuntos/biodiversidade/pan/saiba-mais/documentos-e-downloads/9-portaria-gm_mma-no-1-667-de-27-de-abril-de-2026.pdf
91,Peixes Continentais,Actinopterygii,Cyprinodontiformes,Rivulidae,Garcialebias reicherti,EN,4,https://www.gov.br/icmbio/pt-br/assuntos/biodiversidade/pan/saiba-mais/documentos-e-downloads/9-portaria-gm_mma-no-1-667-de-27-de-abril-de-2026.pdf
92,Peixes Continentais,Actinopterygii,Cyprinodontiformes,Rivulidae,Gymnolebias jaegari,EN,4,https://www.gov.br/icmbio/pt-br/assuntos/biodiversidade/pan/saiba-mais/documentos-e-downloads/9-portaria-gm_mma-no-1-667-de-27-de-abril-de-2026.pdf
93,Peixes Continentais,Actinopterygii,Cyprinodontiformes,Rivulidae,Hypsolebias adornatus,CR,4,https://www.gov.br/icmbio/pt-br/assuntos/biodiversidade/pan/saiba-mais/documentos-e-downloads/9-portaria-gm_mma-no-1-667-de-27-de-abril-de-2026.pdf
94,Peixes Continentais,Actinopterygii,Cyprinodontiformes,Rivulidae,Hypsolebias alternatus,EN,4,https://www.gov.br/icmbio/pt-br/assuntos/biodiversidade/pan/saiba-mais/documentos-e-downloads/9-portaria-gm_mma-no-1-667-de-27-de-abril-de-2026.pdf
95,Peixes Continentais,Actinopterygii,Cyprinodontiformes,Rivulidae,Hypsolebias auratus,CR,4,https://www.gov.br/icmbio/pt-br/assuntos/biodiversidade/pan/saiba-mais/documentos-e-downloads/9-portaria-gm_mma-no-1-667-de-27-de-abril-de-2026.pdf
96,Peixes Continentais,Actinopterygii,Cyprinodontiformes,Rivulidae,Hypsolebias brunoi,VU,4,https://www.gov.br/icmbio/pt-br/assuntos/biodiversidade/pan/saiba-mais/documentos-e-downloads/9-portaria-gm_mma-no-1-667-de-27-de-abril-de-2026.pdf
97,Peixes Continentais,Actinopterygii,Cyprinodontiformes,Rivulidae,Hypsolebias carlettoi,EN,4,https://www.gov.br/icmbio/pt-br/assuntos/biodiversidade/pan/saiba-mais/documentos-e-downloads/9-portaria-gm_mma-no-1-667-de-27-de-abril-de-2026.pdf
98,Peixes Continentais,Actinopterygii,Cyprinodontiformes,Rivulidae,Hypsolebias delucai,VU,4,https://www.gov.br/icmbio/pt-br/assuntos/biodiversidade/pan/saiba-mais/documentos-e-downloads/9-portaria-gm_mma-no-1-667-de-27-de-abril-de-2026.pdf
99,Peixes Continentais,Actinopterygii,Cyprinodontiformes,Rivulidae,Hypsolebias faouri,VU,4,https://www.gov.br/icmbio/pt-br/assuntos/biodiversidade/pan/saiba-mais/documentos-e-downloads/9-portaria-gm_mma-no-1-667-de-27-de-abril-de-2026.pdf
100,Peixes Continentais,Actinopterygii,Cyprinodontiformes,Rivulidae,Hypsolebias fasciatus,VU,4,https://www.gov.br/icmbio/pt-br/assuntos/biodiversidade/pan/saiba-mais/documentos-e-downloads/9-portaria-gm_mma-no-1-667-de-27-de-abril-de-2026.pdf
101,Peixes Continentais,Actinopterygii,Cyprinodontiformes,Rivulidae,Hypsolebias flammeus,VU,4,https://www.gov.br/icmbio/pt-br/assuntos/biodiversidade/pan/saiba-mais/documentos-e-downloads/9-portaria-gm_mma-no-1-667-de-27-de-abril-de-2026.pdf
102,Peixes Continentais,Actinopterygii,Cyprinodontiformes,Rivulidae,Hypsolebias flavicaudatus,EN,4,https://www.gov.br/icmbio/pt-br/assuntos/biodiversidade/pan/saiba-mais/documentos-e-downloads/9-portaria-gm_mma-no-1-667-de-27-de-abril-de-2026.pdf
103,Peixes Continentais,Actinopterygii,Cyprinodontiformes,Rivulidae,Hypsolebias fulminantis,CR,4,https://www.gov.br/icmbio/pt-br/assuntos/biodiversidade/pan/saiba-mais/documentos-e-downloads/9-portaria-gm_mma-no-1-667-de-27-de-abril-de-2026.pdf
104,Peixes Continentais,Actinopterygii,Cyprinodontiformes,Rivulidae,Hypsolebias gardneri,EN,4,https://www.gov.br/icmbio/pt-br/assuntos/biodiversidade/pan/saiba-mais/documentos-e-downloads/9-portaria-gm_mma-no-1-667-de-27-de-abril-de-2026.pdf
105,Peixes Continentais,Actinopterygii,Cyprinodontiformes,Rivulidae,Hypsolebias ghisolfi,EN,4,https://www.gov.br/icmbio/pt-br/assuntos/biodiversidade/pan/saiba-mais/documentos-e-downloads/9-portaria-gm_mma-no-1-667-de-27-de-abril-de-2026.pdf
106,Peixes Continentais,Actinopterygii,Cyprinodontiformes,Rivulidae,Hypsolebias gibberatus,VU,4,https://www.gov.br/icmbio/pt-br/assuntos/biodiversidade/pan/saiba-mais/documentos-e-downloads/9-portaria-gm_mma-no-1-667-de-27-de-abril-de-2026.pdf
107,Peixes Continentais,Actinopterygii,Cyprinodontiformes,Rivulidae,Hypsolebias gilbertobrasili,CR,4,https://www.gov.br/icmbio/pt-br/assuntos/biodiversidade/pan/saiba-mais/documentos-e-downloads/9-portaria-gm_mma-no-1-667-de-27-de-abril-de-2026.pdf
108,Peixes Continentais,Actinopterygii,Cyprinodontiformes,Rivulidae,Hypsolebias guanambi,VU,4,https://www.gov.br/icmbio/pt-br/assuntos/biodiversidade/pan/saiba-mais/documentos-e-downloads/9-portaria-gm_mma-no-1-667-de-27-de-abril-de-2026.pdf
109,Peixes Continentais,Actinopterygii,Cyprinodontiformes,Rivulidae,Hypsolebias hamadryades,CR,4,https://www.gov.br/icmbio/pt-br/assuntos/biodiversidade/pan/saiba-mais/documentos-e-downloads/9-portaria-gm_mma-no-1-667-de-27-de-abril-de-2026.pdf
110,Peixes Continentais,Actinopterygii,Cyprinodontiformes,Rivulidae,Hypsolebias harmonicus,VU,4,https://www.gov.br/icmbio/pt-br/assuntos/biodiversidade/pan/saiba-mais/documentos-e-downloads/9-portaria-gm_mma-no-1-667-de-27-de-abril-de-2026.pdf
111,Peixes Continentais,Actinopterygii,Cyprinodontiformes,Rivulidae,Hypsolebias hellneri,EN,5,https://www.gov.br/icmbio/pt-br/assuntos/biodiversidade/pan/saiba-mais/documentos-e-downloads/9-portaria-gm_mma-no-1-667-de-27-de-abril-de-2026.pdf
112,Peixes Continentais,Actinopterygii,Cyprinodontiformes,Rivulidae,Hypsolebias igneus,EN,5,https://www.gov.br/icmbio/pt-br/assuntos/biodiversidade/pan/saiba-mais/documentos-e-downloads/9-portaria-gm_mma-no-1-667-de-27-de-abril-de-2026.pdf
113,Peixes Continentais,Actinopterygii,Cyprinodontiformes,Rivulidae,Hypsolebias janaubensis,CR,5,https://www.gov.br/icmbio/pt-br/assuntos/biodiversidade/pan/saiba-mais/documentos-e-downloads/9-portaria-gm_mma-no-1-667-de-27-de-abril-de-2026.pdf
114,Peixes Continentais,Actinopterygii,Cyprinodontiformes,Rivulidae,Hypsolebias longignatus,VU,5,https://www.gov.br/icmbio/pt-br/assuntos/biodiversidade/pan/saiba-mais/documentos-e-downloads/9-portaria-gm_mma-no-1-667-de-27-de-abril-de-2026.pdf
115,Peixes Continentais,Actinopterygii,Cyprinodontiformes,Rivulidae,Hypsolebias lopesi,CR,5,https://www.gov.br/icmbio/pt-br/assuntos/biodiversidade/pan/saiba-mais/documentos-e-downloads/9-portaria-gm_mma-no-1-667-de-27-de-abril-de-2026.pdf
116,Peixes Continentais,Actinopterygii,Cyprinodontiformes,Rivulidae,Hypsolebias macaubensis,EN,5,https://www.gov.br/icmbio/pt-br/assuntos/biodiversidade/pan/saiba-mais/documentos-e-downloads/9-portaria-gm_mma-no-1-667-de-27-de-abril-de-2026.pdf
117,Peixes Continentais,Actinopterygii,Cyprinodontiformes,Rivulidae,Hypsolebias magnificus,EN,5,https://www.gov.br/icmbio/pt-br/assuntos/biodiversidade/pan/saiba-mais/documentos-e-downloads/9-portaria-gm_mma-no-1-667-de-27-de-abril-de-2026.pdf
118,Peixes Continentais,Actinopterygii,Cyprinodontiformes,Rivulidae,Hypsolebias marginatus,CR,5,https://www.gov.br/icmbio/pt-br/assuntos/biodiversidade/pan/saiba-mais/documentos-e-downloads/9-portaria-gm_mma-no-1-667-de-27-de-abril-de-2026.pdf
119,Peixes Continentais,Actinopterygii,Cyprinodontiformes,Rivulidae,Hypsolebias mediopapillatus,VU,5,https://www.gov.br/icmbio/pt-br/assuntos/biodiversidade/pan/saiba-mais/documentos-e-downloads/9-portaria-gm_mma-no-1-667-de-27-de-abril-de-2026.pdf
120,Peixes Continentais,Actinopterygii,Cyprinodontiformes,Rivulidae,Hypsolebias multiradiatus,EN,5,https://www.gov.br/icmbio/pt-br/assuntos/biodiversidade/pan/saiba-mais/documentos-e-downloads/9-portaria-gm_mma-no-1-667-de-27-de-abril-de-2026.pdf
121,Peixes Continentais,Actinopterygii,Cyprinodontiformes,Rivulidae,Hypsolebias nielseni,EN,5,https://www.gov.br/icmbio/pt-br/assuntos/biodiversidade/pan/saiba-mais/documentos-e-downloads/9-portaria-gm_mma-no-1-667-de-27-de-abril-de-2026.pdf
122,Peixes Continentais,Actinopterygii,Cyprinodontiformes,Rivulidae,Hypsolebias notatus,EN,5,https://www.gov.br/icmbio/pt-br/assuntos/biodiversidade/pan/saiba-mais/documentos-e-downloads/9-portaria-gm_mma-no-1-667-de-27-de-abril-de-2026.pdf
123,Peixes Continentais,Actinopterygii,Cyprinodontiformes,Rivulidae,Hypsolebias nudiorbitatus,VU,5,https://www.gov.br/icmbio/pt-br/assuntos/biodiversidade/pan/saiba-mais/documentos-e-downloads/9-portaria-gm_mma-no-1-667-de-27-de-abril-de-2026.pdf
124,Peixes Continentais,Actinopterygii,Cyprinodontiformes,Rivulidae,Hypsolebias picturatus,EN,5,https://www.gov.br/icmbio/pt-br/assuntos/biodiversidade/pan/saiba-mais/documentos-e-downloads/9-portaria-gm_mma-no-1-667-de-27-de-abril-de-2026.pdf
125,Peixes Continentais,Actinopterygii,Cyprinodontiformes,Rivulidae,Hypsolebias radiosus,CR,5,https://www.gov.br/icmbio/pt-br/assuntos/biodiversidade/pan/saiba-mais/documentos-e-downloads/9-portaria-gm_mma-no-1-667-de-27-de-abril-de-2026.pdf
126,Peixes Continentais,Actinopterygii,Cyprinodontiformes,Rivulidae,Hypsolebias radiseriatus,EN,5,https://www.gov.br/icmbio/pt-br/assuntos/biodiversidade/pan/saiba-mais/documentos-e-downloads/9-portaria-gm_mma-no-1-667-de-27-de-abril-de-2026.pdf
127,Peixes Continentais,Actinopterygii,Cyprinodontiformes,Rivulidae,Hypsolebias rufus,CR,5,https://www.gov.br/icmbio/pt-br/assuntos/biodiversidade/pan/saiba-mais/documentos-e-downloads/9-portaria-gm_mma-no-1-667-de-27-de-abril-de-2026.pdf
128,Peixes Continentais,Actinopterygii,Cyprinodontiformes,Rivulidae,Hypsolebias shibattai,VU,5,https://www.gov.br/icmbio/pt-br/assuntos/biodiversidade/pan/saiba-mais/documentos-e-downloads/9-portaria-gm_mma-no-1-667-de-27-de-abril-de-2026.pdf
129,Peixes Continentais,Actinopterygii,Cyprinodontiformes,Rivulidae,Hypsolebias splendissimus,VU,5,https://www.gov.br/icmbio/pt-br/assuntos/biodiversidade/pan/saiba-mais/documentos-e-downloads/9-portaria-gm_mma-no-1-667-de-27-de-abril-de-2026.pdf
130,Peixes Continentais,Actinopterygii,Cyprinodontiformes,Rivulidae,Hypsolebias stellatus,EN,5,https://www.gov.br/icmbio/pt-br/assuntos/biodiversidade/pan/saiba-mais/documentos-e-downloads/9-portaria-gm_mma-no-1-667-de-27-de-abril-de-2026.pdf
131,Peixes Continentais,Actinopterygii,Cyprinodontiformes,Rivulidae,Hypsolebias tocantinensis,CR,5,https://www.gov.br/icmbio/pt-br/assuntos/biodiversidade/pan/saiba-mais/documentos-e-downloads/9-portaria-gm_mma-no-1-667-de-27-de-abril-de-2026.pdf
132,Peixes Continentais,Actinopterygii,Cyprinodontiformes,Rivulidae,Hypsolebias trilineatus,CR,5,https://www.gov.br/icmbio/pt-br/assuntos/biodiversidade/pan/saiba-mais/documentos-e-downloads/9-portaria-gm_mma-no-1-667-de-27-de-abril-de-2026.pdf
133,Peixes Continentais,Actinopterygii,Cyprinodontiformes,Rivulidae,Hypsolebias virgulatus,CR,5,https://www.gov.br/icmbio/pt-br/assuntos/biodiversidade/pan/saiba-mais/documentos-e-downloads/9-portaria-gm_mma-no-1-667-de-27-de-abril-de-2026.pdf
134,Peixes Continentais,Actinopterygii,Cyprinodontiformes,Rivulidae,Kryptolebias brasiliensis,EN,5,https://www.gov.br/icmbio/pt-br/assuntos/biodiversidade/pan/saiba-mais/documentos-e-downloads/9-portaria-gm_mma-no-1-667-de-27-de-abril-de-2026.pdf
135,Peixes Continentais,Actinopterygii,Cyprinodontiformes,Rivulidae,Kryptolebias gracilis,CR,5,https://www.gov.br/icmbio/pt-br/assuntos/biodiversidade/pan/saiba-mais/documentos-e-downloads/9-portaria-gm_mma-no-1-667-de-27-de-abril-de-2026.pdf
136,Peixes Continentais,Actinopterygii,Cyprinodontiformes,Rivulidae,Leptolebias marmoratus,CR,5,https://www.gov.br/icmbio/pt-br/assuntos/biodiversidade/pan/saiba-mais/documentos-e-downloads/9-portaria-gm_mma-no-1-667-de-27-de-abril-de-2026.pdf
137,Peixes Continentais,Actinopterygii,Cyprinodontiformes,Rivulidae,Leptopanchax citrinipinnis,CR,5,https://www.gov.br/icmbio/pt-br/assuntos/biodiversidade/pan/saiba-mais/documentos-e-downloads/9-portaria-gm_mma-no-1-667-de-27-de-abril-de-2026.pdf
138,Peixes Continentais,Actinopterygii,Cyprinodontiformes,Rivulidae,Leptopanchax itanhaensis,CR,5,https://www.gov.br/icmbio/pt-br/assuntos/biodiversidade/pan/saiba-mais/documentos-e-downloads/9-portaria-gm_mma-no-1-667-de-27-de-abril-de-2026.pdf
139,Peixes Continentais,Actinopterygii,Cyprinodontiformes,Rivulidae,Leptopanchax opalescens,CR,5,https://www.gov.br/icmbio/pt-br/assuntos/biodiversidade/pan/saiba-mais/documentos-e-downloads/9-portaria-gm_mma-no-1-667-de-27-de-abril-de-2026.pdf
140,Peixes Continentais,Actinopterygii,Cyprinodontiformes,Rivulidae,Leptopanchax sanguineus,CR,5,https://www.gov.br/icmbio/pt-br/assuntos/biodiversidade/pan/saiba-mais/documentos-e-downloads/9-portaria-gm_mma-no-1-667-de-27-de-abril-de-2026.pdf
141,Peixes Continentais,Actinopterygii,Cyprinodontiformes,Rivulidae,Leptopanchax splendens,CR,5,https://www.gov.br/icmbio/pt-br/assuntos/biodiversidade/pan/saiba-mais/documentos-e-downloads/9-portaria-gm_mma-no-1-667-de-27-de-abril-de-2026.pdf
142,Peixes Continentais,Actinopterygii,Cyprinodontiformes,Rivulidae,Maratecoara formosa,EN,5,https://www.gov.br/icmbio/pt-br/assuntos/biodiversidade/pan/saiba-mais/documentos-e-downloads/9-portaria-gm_mma-no-1-667-de-27-de-abril-de-2026.pdf
143,Peixes Continentais,Actinopterygii,Cyprinodontiformes,Rivulidae,Maratecoara splendida,EN,6,https://www.gov.br/icmbio/pt-br/assuntos/biodiversidade/pan/saiba-mais/documentos-e-downloads/9-portaria-gm_mma-no-1-667-de-27-de-abril-de-2026.pdf
144,Peixes Continentais,Actinopterygii,Cyprinodontiformes,Rivulidae,Matilebias alexandri,EN,6,https://www.gov.br/icmbio/pt-br/assuntos/biodiversidade/pan/saiba-mais/documentos-e-downloads/9-portaria-gm_mma-no-1-667-de-27-de-abril-de-2026.pdf
145,Peixes Continentais,Actinopterygii,Cyprinodontiformes,Rivulidae,Matilebias camaquensis,EN,6,https://www.gov.br/icmbio/pt-br/assuntos/biodiversidade/pan/saiba-mais/documentos-e-downloads/9-portaria-gm_mma-no-1-667-de-27-de-abril-de-2026.pdf
146,Peixes Continentais,Actinopterygii,Cyprinodontiformes,Rivulidae,Matilebias cyaneus,EN,6,https://www.gov.br/icmbio/pt-br/assuntos/biodiversidade/pan/saiba-mais/documentos-e-downloads/9-portaria-gm_mma-no-1-667-de-27-de-abril-de-2026.pdf
147,Peixes Continentais,Actinopterygii,Cyprinodontiformes,Rivulidae,Matilebias ibicuiensis,EN,6,https://www.gov.br/icmbio/pt-br/assuntos/biodiversidade/pan/saiba-mais/documentos-e-downloads/9-portaria-gm_mma-no-1-667-de-27-de-abril-de-2026.pdf
148,Peixes Continentais,Actinopterygii,Cyprinodontiformes,Rivulidae,Matilebias litzi,VU,6,https://www.gov.br/icmbio/pt-br/assuntos/biodiversidade/pan/saiba-mais/documentos-e-downloads/9-portaria-gm_mma-no-1-667-de-27-de-abril-de-2026.pdf
149,Peixes Continentais,Actinopterygii,Cyprinodontiformes,Rivulidae,Matilebias paucisquama,VU,6,https://www.gov.br/icmbio/pt-br/assuntos/biodiversidade/pan/saiba-mais/documentos-e-downloads/9-portaria-gm_mma-no-1-667-de-27-de-abril-de-2026.pdf
150,Peixes Continentais,Actinopterygii,Cyprinodontiformes,Rivulidae,Melanorivulus amambaiensis,CR,6,https://www.gov.br/icmbio/pt-br/assuntos/biodiversidade/pan/saiba-mais/documentos-e-downloads/9-portaria-gm_mma-no-1-667-de-27-de-abril-de-2026.pdf
151,Peixes Continentais,Actinopterygii,Cyprinodontiformes,Rivulidae,Melanorivulus egens,CR,6,https://www.gov.br/icmbio/pt-br/assuntos/biodiversidade/pan/saiba-mais/documentos-e-downloads/9-portaria-gm_mma-no-1-667-de-27-de-abril-de-2026.pdf
152,Peixes Continentais,Actinopterygii,Cyprinodontiformes,Rivulidae,Melanorivulus interruptus,VU,6,https://www.gov.br/icmbio/pt-br/assuntos/biodiversidade/pan/saiba-mais/documentos-e-downloads/9-portaria-gm_mma-no-1-667-de-27-de-abril-de-2026.pdf
153,Peixes Continentais,Actinopterygii,Cyprinodontiformes,Rivulidae,Melanorivulus leali,VU,6,https://www.gov.br/icmbio/pt-br/assuntos/biodiversidade/pan/saiba-mais/documentos-e-downloads/9-portaria-gm_mma-no-1-667-de-27-de-abril-de-2026.pdf
154,Peixes Continentais,Actinopterygii,Cyprinodontiformes,Rivulidae,Melanorivulus linearis,VU,6,https://www.gov.br/icmbio/pt-br/assuntos/biodiversidade/pan/saiba-mais/documentos-e-downloads/9-portaria-gm_mma-no-1-667-de-27-de-abril-de-2026.pdf
155,Peixes Continentais,Actinopterygii,Cyprinodontiformes,Rivulidae,Melanorivulus paracatuensis,VU,6,https://www.gov.br/icmbio/pt-br/assuntos/biodiversidade/pan/saiba-mais/documentos-e-downloads/9-portaria-gm_mma-no-1-667-de-27-de-abril-de-2026.pdf
156,Peixes Continentais,Actinopterygii,Cyprinodontiformes,Rivulidae,Melanorivulus pinima,EN,6,https://www.gov.br/icmbio/pt-br/assuntos/biodiversidade/pan/saiba-mais/documentos-e-downloads/9-portaria-gm_mma-no-1-667-de-27-de-abril-de-2026.pdf
157,Peixes Continentais,Actinopterygii,Cyprinodontiformes,Rivulidae,Melanorivulus rutilicaudus,VU,6,https://www.gov.br/icmbio/pt-br/assuntos/biodiversidade/pan/saiba-mais/documentos-e-downloads/9-portaria-gm_mma-no-1-667-de-27-de-abril-de-2026.pdf
158,Peixes Continentais,Actinopterygii,Cyprinodontiformes,Rivulidae,Melanorivulus vittatus,EN,6,https://www.gov.br/icmbio/pt-br/assuntos/biodiversidade/pan/saiba-mais/documentos-e-downloads/9-portaria-gm_mma-no-1-667-de-27-de-abril-de-2026.pdf
159,Peixes Continentais,Actinopterygii,Cyprinodontiformes,Rivulidae,Moema piriana,CR,6,https://www.gov.br/icmbio/pt-br/assuntos/biodiversidade/pan/saiba-mais/documentos-e-downloads/9-portaria-gm_mma-no-1-667-de-27-de-abril-de-2026.pdf
160,Peixes Continentais,Actinopterygii,Cyprinodontiformes,Rivulidae,Nematolebias catimbau,CR,6,https://www.gov.br/icmbio/pt-br/assuntos/biodiversidade/pan/saiba-mais/documentos-e-downloads/9-portaria-gm_mma-no-1-667-de-27-de-abril-de-2026.pdf
161,Peixes Continentais,Actinopterygii,Cyprinodontiformes,Rivulidae,Nematolebias papilliferus,CR,6,https://www.gov.br/icmbio/pt-br/assuntos/biodiversidade/pan/saiba-mais/documentos-e-downloads/9-portaria-gm_mma-no-1-667-de-27-de-abril-de-2026.pdf
162,Peixes Continentais,Actinopterygii,Cyprinodontiformes,Rivulidae,Nematolebias whitei,EN,6,https://www.gov.br/icmbio/pt-br/assuntos/biodiversidade/pan/saiba-mais/documentos-e-downloads/9-portaria-gm_mma-no-1-667-de-27-de-abril-de-2026.pdf
163,Peixes Continentais,Actinopterygii,Cyprinodontiformes,Rivulidae,Notholebias cruzi,CR,6,https://www.gov.br/icmbio/pt-br/assuntos/biodiversidade/pan/saiba-mais/documentos-e-downloads/9-portaria-gm_mma-no-1-667-de-27-de-abril-de-2026.pdf
164,Peixes Continentais,Actinopterygii,Cyprinodontiformes,Rivulidae,Notholebias fractifasciatus,CR,6,https://www.gov.br/icmbio/pt-br/assuntos/biodiversidade/pan/saiba-mais/documentos-e-downloads/9-portaria-gm_mma-no-1-667-de-27-de-abril-de-2026.pdf
165,Peixes Continentais,Actinopterygii,Cyprinodontiformes,Rivulidae,Notholebias minimus,EN,6,https://www.gov.br/icmbio/pt-br/assuntos/biodiversidade/pan/saiba-mais/documentos-e-downloads/9-portaria-gm_mma-no-1-667-de-27-de-abril-de-2026.pdf
166,Peixes Continentais,Actinopterygii,Cyprinodontiformes,Rivulidae,Notholebias vermiculatus,CR,6,https://www.gov.br/icmbio/pt-br/assuntos/biodiversidade/pan/saiba-mais/documentos-e-downloads/9-portaria-gm_mma-no-1-667-de-27-de-abril-de-2026.pdf
167,Peixes Continentais,Actinopterygii,Cyprinodontiformes,Rivulidae,Ophthalmolebias bokermanni,CR,6,https://www.gov.br/icmbio/pt-br/assuntos/biodiversidade/pan/saiba-mais/documentos-e-downloads/9-portaria-gm_mma-no-1-667-de-27-de-abril-de-2026.pdf
168,Peixes Continentais,Actinopterygii,Cyprinodontiformes,Rivulidae,Ophthalmolebias constanciae,CR,6,https://www.gov.br/icmbio/pt-br/assuntos/biodiversidade/pan/saiba-mais/documentos-e-downloads/9-portaria-gm_mma-no-1-667-de-27-de-abril-de-2026.pdf
169,Peixes Continentais,Actinopterygii,Cyprinodontiformes,Rivulidae,Ophthalmolebias ilheusensis,EN,6,https://www.gov.br/icmbio/pt-br/assuntos/biodiversidade/pan/saiba-mais/documentos-e-downloads/9-portaria-gm_mma-no-1-667-de-27-de-abril-de-2026.pdf
170,Peixes Continentais,Actinopterygii,Cyprinodontiformes,Rivulidae,Ophthalmolebias perpendicularis,CR,6,https://www.gov.br/icmbio/pt-br/assuntos/biodiversidade/pan/saiba-mais/documentos-e-downloads/9-portaria-gm_mma-no-1-667-de-27-de-abril-de-2026.pdf
171,Peixes Continentais,Actinopterygii,Cyprinodontiformes,Rivulidae,Ophthalmolebias rosaceus,CR,6,https://www.gov.br/icmbio/pt-br/assuntos/biodiversidade/pan/saiba-mais/documentos-e-downloads/9-portaria-gm_mma-no-1-667-de-27-de-abril-de-2026.pdf
172,Peixes Continentais,Actinopterygii,Cyprinodontiformes,Rivulidae,Ophthalmolebias suzarti,VU,6,https://www.gov.br/icmbio/pt-br/assuntos/biodiversidade/pan/saiba-mais/documentos-e-downloads/9-portaria-gm_mma-no-1-667-de-27-de-abril-de-2026.pdf
173,Peixes Continentais,Actinopterygii,Cyprinodontiformes,Rivulidae,Pituna brevirostrata,CR,6,https://www.gov.br/icmbio/pt-br/assuntos/biodiversidade/pan/saiba-mais/documentos-e-downloads/9-portaria-gm_mma-no-1-667-de-27-de-abril-de-2026.pdf
174,Peixes Continentais,Actinopterygii,Cyprinodontiformes,Rivulidae,Plesiolebias xavantei,EN,6,https://www.gov.br/icmbio/pt-br/assuntos/biodiversidade/pan/saiba-mais/documentos-e-downloads/9-portaria-gm_mma-no-1-667-de-27-de-abril-de-2026.pdf
175,Peixes Continentais,Actinopterygii,Cyprinodontiformes,Rivulidae,Simpsonichthys boitonei,CR,7,https://www.gov.br/icmbio/pt-br/assuntos/biodiversidade/pan/saiba-mais/documentos-e-downloads/9-portaria-gm_mma-no-1-667-de-27-de-abril-de-2026.pdf
176,Peixes Continentais,Actinopterygii,Cyprinodontiformes,Rivulidae,Simpsonichthys cholopteryx,EN,7,https://www.gov.br/icmbio/pt-br/assuntos/biodiversidade/pan/saiba-mais/documentos-e-downloads/9-portaria-gm_mma-no-1-667-de-27-de-abril-de-2026.pdf
177,Peixes Continentais,Actinopterygii,Cyprinodontiformes,Rivulidae,Simpsonichthys espinhacensis,EN,7,https://www.gov.br/icmbio/pt-br/assuntos/biodiversidade/pan/saiba-mais/documentos-e-downloads/9-portaria-gm_mma-no-1-667-de-27-de-abril-de-2026.pdf
178,Peixes Continentais,Actinopterygii,Cyprinodontiformes,Rivulidae,Simpsonichthys nigromaculatus,VU,7,https://www.gov.br/icmbio/pt-br/assuntos/biodiversidade/pan/saiba-mais/documentos-e-downloads/9-portaria-gm_mma-no-1-667-de-27-de-abril-de-2026.pdf
179,Peixes Continentais,Actinopterygii,Cyprinodontiformes,Rivulidae,Simpsonichthys parallelus,EN,7,https://www.gov.br/icmbio/pt-br/assuntos/biodiversidade/pan/saiba-mais/documentos-e-downloads/9-portaria-gm_mma-no-1-667-de-27-de-abril-de-2026.pdf
180,Peixes Continentais,Actinopterygii,Cyprinodontiformes,Rivulidae,Simpsonichthys punctulatus,CR,7,https://www.gov.br/icmbio/pt-br/assuntos/biodiversidade/pan/saiba-mais/documentos-e-downloads/9-portaria-gm_mma-no-1-667-de-27-de-abril-de-2026.pdf
181,Peixes Continentais,Actinopterygii,Cyprinodontiformes,Rivulidae,Simpsonichthys santanae,EN,7,https://www.gov.br/icmbio/pt-br/assuntos/biodiversidade/pan/saiba-mais/documentos-e-downloads/9-portaria-gm_mma-no-1-667-de-27-de-abril-de-2026.pdf
182,Peixes Continentais,Actinopterygii,Cyprinodontiformes,Rivulidae,Simpsonichthys zonatus,CR,7,https://www.gov.br/icmbio/pt-br/assuntos/biodiversidade/pan/saiba-mais/documentos-e-downloads/9-portaria-gm_mma-no-1-667-de-27-de-abril-de-2026.pdf
183,Peixes Continentais,Actinopterygii,Cyprinodontiformes,Rivulidae,Titanolebias cheradophilus,CR,7,https://www.gov.br/icmbio/pt-br/assuntos/biodiversidade/pan/saiba-mais/documentos-e-downloads/9-portaria-gm_mma-no-1-667-de-27-de-abril-de-2026.pdf
184,Peixes Continentais,Actinopterygii,Cyprinodontiformes,Rivulidae,Trigonectes strigabundus,EN,7,https://www.gov.br/icmbio/pt-br/assuntos/biodiversidade/pan/saiba-mais/documentos-e-downloads/9-portaria-gm_mma-no-1-667-de-27-de-abril-de-2026.pdf
185,Peixes Continentais,Actinopterygii,Cyprinodontiformes,Rivulidae,Xenurolebias myersi,EN,7,https://www.gov.br/icmbio/pt-br/assuntos/biodiversidade/pan/saiba-mais/documentos-e-downloads/9-portaria-gm_mma-no-1-667-de-27-de-abril-de-2026.pdf
186,Peixes Continentais,Actinopterygii,Cyprinodontiformes,Rivulidae,Xenurolebias pataxo,EN,7,https://www.gov.br/icmbio/pt-br/assuntos/biodiversidade/pan/saiba-mais/documentos-e-downloads/9-portaria-gm_mma-no-1-667-de-27-de-abril-de-2026.pdf
187,Peixes Continentais,Actinopterygii,Gymnotiformes,Apteronotidae,Sternarchogiton zuanoni,EN,7,https://www.gov.br/icmbio/pt-br/assuntos/biodiversidade/pan/saiba-mais/documentos-e-downloads/9-portaria-gm_mma-no-1-667-de-27-de-abril-de-2026.pdf
188,Peixes Continentais,Actinopterygii,Gymnotiformes,Apteronotidae,Sternarchorhynchus caboclo,VU,7,https://www.gov.br/icmbio/pt-br/assuntos/biodiversidade/pan/saiba-mais/documentos-e-downloads/9-portaria-gm_mma-no-1-667-de-27-de-abril-de-2026.pdf
189,Peixes Continentais,Actinopterygii,Gymnotiformes,Apteronotidae,Sternarchorhynchus higuchii,CR,7,https://www.gov.br/icmbio/pt-br/assuntos/biodiversidade/pan/saiba-mais/documentos-e-downloads/9-portaria-gm_mma-no-1-667-de-27-de-abril-de-2026.pdf
190,Peixes Continentais,Actinopterygii,Gymnotiformes,Apteronotidae,Sternarchorhynchus inpai,VU,7,https://www.gov.br/icmbio/pt-br/assuntos/biodiversidade/pan/saiba-mais/documentos-e-downloads/9-portaria-gm_mma-no-1-667-de-27-de-abril-de-2026.pdf
191,Peixes Continentais,Actinopterygii,Gymnotiformes,Apteronotidae,Sternarchorhynchus jaimei,CR,7,https://www.gov.br/icmbio/pt-br/assuntos/biodiversidade/pan/saiba-mais/documentos-e-downloads/9-portaria-gm_mma-no-1-667-de-27-de-abril-de-2026.pdf
192,Peixes Continentais,Actinopterygii,Gymnotiformes,Apteronotidae,Sternarchorhynchus kokraimoro,EN,7,https://www.gov.br/icmbio/pt-br/assuntos/biodiversidade/pan/saiba-mais/documentos-e-downloads/9-portaria-gm_mma-no-1-667-de-27-de-abril-de-2026.pdf
193,Peixes Continentais,Actinopterygii,Gymnotiformes,Apteronotidae,Sternarchorhynchus mareikeae,VU,7,https://www.gov.br/icmbio/pt-br/assuntos/biodiversidade/pan/saiba-mais/documentos-e-downloads/9-portaria-gm_mma-no-1-667-de-27-de-abril-de-2026.pdf
194,Peixes Continentais,Actinopterygii,Gymnotiformes,Apteronotidae,Sternarchorhynchus severii,VU,7,https://www.gov.br/icmbio/pt-br/assuntos/biodiversidade/pan/saiba-mais/documentos-e-downloads/9-portaria-gm_mma-no-1-667-de-27-de-abril-de-2026.pdf
195,Peixes Continentais,Actinopterygii,Gymnotiformes,Apteronotidae,Sternarchorhynchus villasboasi,EN,7,https://www.gov.br/icmbio/pt-br/assuntos/biodiversidade/pan/saiba-mais/documentos-e-downloads/9-portaria-gm_mma-no-1-667-de-27-de-abril-de-2026.pdf
196,Peixes Continentais,Actinopterygii,Gymnotiformes,Sternopygidae,Archolaemus ferreirai,VU,7,https://www.gov.br/icmbio/pt-br/assuntos/biodiversidade/pan/saiba-mais/documentos-e-downloads/9-portaria-gm_mma-no-1-667-de-27-de-abril-de-2026.pdf
197,Peixes Continentais,Actinopterygii,Gymnotiformes,Sternopygidae,Archolaemus santosi,VU,7,https://www.gov.br/icmbio/pt-br/assuntos/biodiversidade/pan/saiba-mais/documentos-e-downloads/9-portaria-gm_mma-no-1-667-de-27-de-abril-de-2026.pdf
198,Peixes Continentais,Actinopterygii,Gymnotiformes,Sternopygidae,Eigenmannia vicentespelaea,EN,7,https://www.gov.br/icmbio/pt-br/assuntos/biodiversidade/pan/saiba-mais/documentos-e-downloads/9-portaria-gm_mma-no-1-667-de-27-de-abril-de-2026.pdf
199,Peixes Continentais,Actinopterygii,Siluriformes,Ariidae,Paragenidens grandoculis,CR,7,https://www.gov.br/icmbio/pt-br/assuntos/biodiversidade/pan/saiba-mais/documentos-e-downloads/9-portaria-gm_mma-no-1-667-de-27-de-abril-de-2026.pdf
200,Peixes Continentais,Actinopterygii,Siluriformes,Callichthyidae,Aspidoras mephisto,CR,7,https://www.gov.br/icmbio/pt-br/assuntos/biodiversidade/pan/saiba-mais/documentos-e-downloads/9-portaria-gm_mma-no-1-667-de-27-de-abril-de-2026.pdf
201,Peixes Continentais,Actinopterygii,Siluriformes,Heptapteridae,Chasmocranus brachynemus,EN,7,https://www.gov.br/icmbio/pt-br/assuntos/biodiversidade/pan/saiba-mais/documentos-e-downloads/9-portaria-gm_mma-no-1-667-de-27-de-abril-de-2026.pdf
202,Peixes Continentais,Actinopterygii,Siluriformes,Heptapteridae,Heptapterus multiradiatus,CR,7,https://www.gov.br/icmbio/pt-br/assuntos/biodiversidade/pan/saiba-mais/documentos-e-downloads/9-portaria-gm_mma-no-1-667-de-27-de-abril-de-2026.pdf
203,Peixes Continentais,Actinopterygii,Siluriformes,Heptapteridae,Pimelodella kronei,EN,7,https://www.gov.br/icmbio/pt-br/assuntos/biodiversidade/pan/saiba-mais/documentos-e-downloads/9-portaria-gm_mma-no-1-667-de-27-de-abril-de-2026.pdf
204,Peixes Continentais,Actinopterygii,Siluriformes,Heptapteridae,Pimelodella spelaea,VU,7,https://www.gov.br/icmbio/pt-br/assuntos/biodiversidade/pan/saiba-mais/documentos-e-downloads/9-portaria-gm_mma-no-1-667-de-27-de-abril-de-2026.pdf
205,Peixes Continentais,Actinopterygii,Siluriformes,Heptapteridae,Rhamdia enfurnada,VU,7,https://www.gov.br/icmbio/pt-br/assuntos/biodiversidade/pan/saiba-mais/documentos-e-downloads/9-portaria-gm_mma-no-1-667-de-27-de-abril-de-2026.pdf
206,Peixes Continentais,Actinopterygii,Siluriformes,Heptapteridae,Rhamdiopsis krugi,EN,7,https://www.gov.br/icmbio/pt-br/assuntos/biodiversidade/pan/saiba-mais/documentos-e-downloads/9-portaria-gm_mma-no-1-667-de-27-de-abril-de-2026.pdf
207,Peixes Continentais,Actinopterygii,Siluriformes,Loricariidae,Ancistrus cryptophthalmus,EN,8,https://www.gov.br/icmbio/pt-br/assuntos/biodiversidade/pan/saiba-mais/documentos-e-downloads/9-portaria-gm_mma-no-1-667-de-27-de-abril-de-2026.pdf
208,Peixes Continentais,Actinopterygii,Siluriformes,Loricariidae,Ancistrus formoso,EN,8,https://www.gov.br/icmbio/pt-br/assuntos/biodiversidade/pan/saiba-mais/documentos-e-downloads/9-portaria-gm_mma-no-1-667-de-27-de-abril-de-2026.pdf
209,Peixes Continentais,Actinopterygii,Siluriformes,Loricariidae,Ancistrus minutus,EN,8,https://www.gov.br/icmbio/pt-br/assuntos/biodiversidade/pan/saiba-mais/documentos-e-downloads/9-portaria-gm_mma-no-1-667-de-27-de-abril-de-2026.pdf
210,Peixes Continentais,Actinopterygii,Siluriformes,Loricariidae,Baryancistrus longipinnis,EN,8,https://www.gov.br/icmbio/pt-br/assuntos/biodiversidade/pan/saiba-mais/documentos-e-downloads/9-portaria-gm_mma-no-1-667-de-27-de-abril-de-2026.pdf
211,Peixes Continentais,Actinopterygii,Siluriformes,Loricariidae,Baryancistrus niveatus,VU,8,https://www.gov.br/icmbio/pt-br/assuntos/biodiversidade/pan/saiba-mais/documentos-e-downloads/9-portaria-gm_mma-no-1-667-de-27-de-abril-de-2026.pdf
212,Peixes Continentais,Actinopterygii,Siluriformes,Loricariidae,Delturus parahybae,CR,8,https://www.gov.br/icmbio/pt-br/assuntos/biodiversidade/pan/saiba-mais/documentos-e-downloads/9-portaria-gm_mma-no-1-667-de-27-de-abril-de-2026.pdf
213,Peixes Continentais,Actinopterygii,Siluriformes,Loricariidae,Eurycheilichthys apocremnus,CR,8,https://www.gov.br/icmbio/pt-br/assuntos/biodiversidade/pan/saiba-mais/documentos-e-downloads/9-portaria-gm_mma-no-1-667-de-27-de-abril-de-2026.pdf
214,Peixes Continentais,Actinopterygii,Siluriformes,Loricariidae,Harttia depressa,EN,8,https://www.gov.br/icmbio/pt-br/assuntos/biodiversidade/pan/saiba-mais/documentos-e-downloads/9-portaria-gm_mma-no-1-667-de-27-de-abril-de-2026.pdf
215,Peixes Continentais,Actinopterygii,Siluriformes,Loricariidae,Harttia panara,VU,8,https://www.gov.br/icmbio/pt-br/assuntos/biodiversidade/pan/saiba-mais/documentos-e-downloads/9-portaria-gm_mma-no-1-667-de-27-de-abril-de-2026.pdf
216,Peixes Continentais,Actinopterygii,Siluriformes,Loricariidae,Harttia villasboas,VU,8,https://www.gov.br/icmbio/pt-br/assuntos/biodiversidade/pan/saiba-mais/documentos-e-downloads/9-portaria-gm_mma-no-1-667-de-27-de-abril-de-2026.pdf
217,Peixes Continentais,Actinopterygii,Siluriformes,Loricariidae,Hemiancistrus megalopteryx,EN,8,https://www.gov.br/icmbio/pt-br/assuntos/biodiversidade/pan/saiba-mais/documentos-e-downloads/9-portaria-gm_mma-no-1-667-de-27-de-abril-de-2026.pdf
218,Peixes Continentais,Actinopterygii,Siluriformes,Loricariidae,Hypancistrus zebra,CR,8,https://www.gov.br/icmbio/pt-br/assuntos/biodiversidade/pan/saiba-mais/documentos-e-downloads/9-portaria-gm_mma-no-1-667-de-27-de-abril-de-2026.pdf
219,Peixes Continentais,Actinopterygii,Siluriformes,Loricariidae,Hypostomus subcarinatus,CR,8,https://www.gov.br/icmbio/pt-br/assuntos/biodiversidade/pan/saiba-mais/documentos-e-downloads/9-portaria-gm_mma-no-1-667-de-27-de-abril-de-2026.pdf
220,Peixes Continentais,Actinopterygii,Siluriformes,Loricariidae,Isbrueckerichthys saxicola,EN,8,https://www.gov.br/icmbio/pt-br/assuntos/biodiversidade/pan/saiba-mais/documentos-e-downloads/9-portaria-gm_mma-no-1-667-de-27-de-abril-de-2026.pdf
221,Peixes Continentais,Actinopterygii,Siluriformes,Loricariidae,Microlepidogaster perforata,CR,8,https://www.gov.br/icmbio/pt-br/assuntos/biodiversidade/pan/saiba-mais/documentos-e-downloads/9-portaria-gm_mma-no-1-667-de-27-de-abril-de-2026.pdf
222,Peixes Continentais,Actinopterygii,Siluriformes,Loricariidae,Neoplecostomus botucatu,CR,8,https://www.gov.br/icmbio/pt-br/assuntos/biodiversidade/pan/saiba-mais/documentos-e-downloads/9-portaria-gm_mma-no-1-667-de-27-de-abril-de-2026.pdf
223,Peixes Continentais,Actinopterygii,Siluriformes,Loricariidae,Otothyris juquiae,EN,8,https://www.gov.br/icmbio/pt-br/assuntos/biodiversidade/pan/saiba-mais/documentos-e-downloads/9-portaria-gm_mma-no-1-667-de-27-de-abril-de-2026.pdf
224,Peixes Continentais,Actinopterygii,Siluriformes,Loricariidae,Parancistrus nudiventris,EN,8,https://www.gov.br/icmbio/pt-br/assuntos/biodiversidade/pan/saiba-mais/documentos-e-downloads/9-portaria-gm_mma-no-1-667-de-27-de-abril-de-2026.pdf
225,Peixes Continentais,Actinopterygii,Siluriformes,Loricariidae,Parotocinclus cesarpintoi,EN,8,https://www.gov.br/icmbio/pt-br/assuntos/biodiversidade/pan/saiba-mais/documentos-e-downloads/9-portaria-gm_mma-no-1-667-de-27-de-abril-de-2026.pdf
226,Peixes Continentais,Actinopterygii,Siluriformes,Loricariidae,Parotocinclus seridoensis,EN,8,https://www.gov.br/icmbio/pt-br/assuntos/biodiversidade/pan/saiba-mais/documentos-e-downloads/9-portaria-gm_mma-no-1-667-de-27-de-abril-de-2026.pdf
227,Peixes Continentais,Actinopterygii,Siluriformes,Loricariidae,Parotocinclus spilosoma,EN,8,https://www.gov.br/icmbio/pt-br/assuntos/biodiversidade/pan/saiba-mais/documentos-e-downloads/9-portaria-gm_mma-no-1-667-de-27-de-abril-de-2026.pdf
228,Peixes Continentais,Actinopterygii,Siluriformes,Loricariidae,Parotocinclus spilurus,EN,8,https://www.gov.br/icmbio/pt-br/assuntos/biodiversidade/pan/saiba-mais/documentos-e-downloads/9-portaria-gm_mma-no-1-667-de-27-de-abril-de-2026.pdf
229,Peixes Continentais,Actinopterygii,Siluriformes,Loricariidae,Plesioptopoma curvidens,CR,8,https://www.gov.br/icmbio/pt-br/assuntos/biodiversidade/pan/saiba-mais/documentos-e-downloads/9-portaria-gm_mma-no-1-667-de-27-de-abril-de-2026.pdf
230,Peixes Continentais,Actinopterygii,Siluriformes,Loricariidae,Pogonopoma obscurum,VU,8,https://www.gov.br/icmbio/pt-br/assuntos/biodiversidade/pan/saiba-mais/documentos-e-downloads/9-portaria-gm_mma-no-1-667-de-27-de-abril-de-2026.pdf
231,Peixes Continentais,Actinopterygii,Siluriformes,Loricariidae,Pogonopoma parahybae,EN,8,https://www.gov.br/icmbio/pt-br/assuntos/biodiversidade/pan/saiba-mais/documentos-e-downloads/9-portaria-gm_mma-no-1-667-de-27-de-abril-de-2026.pdf
232,Peixes Continentais,Actinopterygii,Siluriformes,Loricariidae,Pseudotocinclus tietensis,EN,8,https://www.gov.br/icmbio/pt-br/assuntos/biodiversidade/pan/saiba-mais/documentos-e-downloads/9-portaria-gm_mma-no-1-667-de-27-de-abril-de-2026.pdf
233,Peixes Continentais,Actinopterygii,Siluriformes,Pimelodidae,Conorhynchos conirostris,EN,8,https://www.gov.br/icmbio/pt-br/assuntos/biodiversidade/pan/saiba-mais/documentos-e-downloads/9-portaria-gm_mma-no-1-667-de-27-de-abril-de-2026.pdf
234,Peixes Continentais,Actinopterygii,Siluriformes,Pimelodidae,Pseudoplatystoma corruscans,VU,8,https://www.gov.br/icmbio/pt-br/assuntos/biodiversidade/pan/saiba-mais/documentos-e-downloads/9-portaria-gm_mma-no-1-667-de-27-de-abril-de-2026.pdf
235,Peixes Continentais,Actinopterygii,Siluriformes,Pimelodidae,Steindachneridion amblyurum,VU,8,https://www.gov.br/icmbio/pt-br/assuntos/biodiversidade/pan/saiba-mais/documentos-e-downloads/9-portaria-gm_mma-no-1-667-de-27-de-abril-de-2026.pdf
236,Peixes Continentais,Actinopterygii,Siluriformes,Pimelodidae,Steindachneridion doceanum,EN,8,https://www.gov.br/icmbio/pt-br/assuntos/biodiversidade/pan/saiba-mais/documentos-e-downloads/9-portaria-gm_mma-no-1-667-de-27-de-abril-de-2026.pdf
237,Peixes Continentais,Actinopterygii,Siluriformes,Pimelodidae,Steindachneridion melanodermatum,EN,8,https://www.gov.br/icmbio/pt-br/assuntos/biodiversidade/pan/saiba-mais/documentos-e-downloads/9-portaria-gm_mma-no-1-667-de-27-de-abril-de-2026.pdf
238,Peixes Continentais,Actinopterygii,Siluriformes,Pimelodidae,Steindachneridion parahybae,EN,8,https://www.gov.br/icmbio/pt-br/assuntos/biodiversidade/pan/saiba-mais/documentos-e-downloads/9-portaria-gm_mma-no-1-667-de-27-de-abril-de-2026.pdf
239,Peixes Continentais,Actinopterygii,Siluriformes,Pimelodidae,Steindachneridion punctatum,EN,9,https://www.gov.br/icmbio/pt-br/assuntos/biodiversidade/pan/saiba-mais/documentos-e-downloads/9-portaria-gm_mma-no-1-667-de-27-de-abril-de-2026.pdf
240,Peixes Continentais,Actinopterygii,Siluriformes,Pimelodidae,Steindachneridion scriptum,VU,9,https://www.gov.br/icmbio/pt-br/assuntos/biodiversidade/pan/saiba-mais/documentos-e-downloads/9-portaria-gm_mma-no-1-667-de-27-de-abril-de-2026.pdf
241,Peixes Continentais,Actinopterygii,Siluriformes,Pseudopimelodidae,Lophiosilurus alexandri,VU,9,https://www.gov.br/icmbio/pt-br/assuntos/biodiversidade/pan/saiba-mais/documentos-e-downloads/9-portaria-gm_mma-no-1-667-de-27-de-abril-de-2026.pdf
242,Peixes Continentais,Actinopterygii,Siluriformes,Pseudopimelodidae,Microglanis maculatus,CR,9,https://www.gov.br/icmbio/pt-br/assuntos/biodiversidade/pan/saiba-mais/documentos-e-downloads/9-portaria-gm_mma-no-1-667-de-27-de-abril-de-2026.pdf
243,Peixes Continentais,Actinopterygii,Siluriformes,Pseudopimelodidae,Microglanis robustus,EN,9,https://www.gov.br/icmbio/pt-br/assuntos/biodiversidade/pan/saiba-mais/documentos-e-downloads/9-portaria-gm_mma-no-1-667-de-27-de-abril-de-2026.pdf
244,Peixes Continentais,Actinopterygii,Siluriformes,Trichomycteridae,Cambeva crassicaudata,EN,9,https://www.gov.br/icmbio/pt-br/assuntos/biodiversidade/pan/saiba-mais/documentos-e-downloads/9-portaria-gm_mma-no-1-667-de-27-de-abril-de-2026.pdf
245,Peixes Continentais,Actinopterygii,Siluriformes,Trichomycteridae,Cambeva igobi,VU,9,https://www.gov.br/icmbio/pt-br/assuntos/biodiversidade/pan/saiba-mais/documentos-e-downloads/9-portaria-gm_mma-no-1-667-de-27-de-abril-de-2026.pdf
246,Peixes Continentais,Actinopterygii,Siluriformes,Trichomycteridae,Cambeva mboycy,EN,9,https://www.gov.br/icmbio/pt-br/assuntos/biodiversidade/pan/saiba-mais/documentos-e-downloads/9-portaria-gm_mma-no-1-667-de-27-de-abril-de-2026.pdf
247,Peixes Continentais,Actinopterygii,Siluriformes,Trichomycteridae,Cambeva papillifera,EN,9,https://www.gov.br/icmbio/pt-br/assuntos/biodiversidade/pan/saiba-mais/documentos-e-downloads/9-portaria-gm_mma-no-1-667-de-27-de-abril-de-2026.pdf
248,Peixes Continentais,Actinopterygii,Siluriformes,Trichomycteridae,Cambeva pascuali,CR,9,https://www.gov.br/icmbio/pt-br/assuntos/biodiversidade/pan/saiba-mais/documentos-e-downloads/9-portaria-gm_mma-no-1-667-de-27-de-abril-de-2026.pdf
249,Peixes Continentais,Actinopterygii,Siluriformes,Trichomycteridae,Cambeva tropeiro,EN,9,https://www.gov.br/icmbio/pt-br/assuntos/biodiversidade/pan/saiba-mais/documentos-e-downloads/9-portaria-gm_mma-no-1-667-de-27-de-abril-de-2026.pdf
250,Peixes Continentais,Actinopterygii,Siluriformes,Trichomycteridae,Ituglanis bambui,CR,9,https://www.gov.br/icmbio/pt-br/assuntos/biodiversidade/pan/saiba-mais/documentos-e-downloads/9-portaria-gm_mma-no-1-667-de-27-de-abril-de-2026.pdf
251,Peixes Continentais,Actinopterygii,Siluriformes,Trichomycteridae,Ituglanis epikarsticus,CR,9,https://www.gov.br/icmbio/pt-br/assuntos/biodiversidade/pan/saiba-mais/documentos-e-downloads/9-portaria-gm_mma-no-1-667-de-27-de-abril-de-2026.pdf
252,Peixes Continentais,Actinopterygii,Siluriformes,Trichomycteridae,Ituglanis mambai,CR,9,https://www.gov.br/icmbio/pt-br/assuntos/biodiversidade/pan/saiba-mais/documentos-e-downloads/9-portaria-gm_mma-no-1-667-de-27-de-abril-de-2026.pdf
253,Peixes Continentais,Actinopterygii,Siluriformes,Trichomycteridae,Ituglanis passensis,CR,9,https://www.gov.br/icmbio/pt-br/assuntos/biodiversidade/pan/saiba-mais/documentos-e-downloads/9-portaria-gm_mma-no-1-667-de-27-de-abril-de-2026.pdf
254,Peixes Continentais,Actinopterygii,Siluriformes,Trichomycteridae,Ituglanis ramiroi,VU,9,https://www.gov.br/icmbio/pt-br/assuntos/biodiversidade/pan/saiba-mais/documentos-e-downloads/9-portaria-gm_mma-no-1-667-de-27-de-abril-de-2026.pdf
255,Peixes Continentais,Actinopterygii,Siluriformes,Trichomycteridae,Listrura depinnai,EN,9,https://www.gov.br/icmbio/pt-br/assuntos/biodiversidade/pan/saiba-mais/documentos-e-downloads/9-portaria-gm_mma-no-1-667-de-27-de-abril-de-2026.pdf
256,Peixes Continentais,Actinopterygii,Siluriformes,Trichomycteridae,Listrura nematopteryx,EN,9,https://www.gov.br/icmbio/pt-br/assuntos/biodiversidade/pan/saiba-mais/documentos-e-downloads/9-portaria-gm_mma-no-1-667-de-27-de-abril-de-2026.pdf
257,Peixes Continentais,Actinopterygii,Siluriformes,Trichomycteridae,Trichogenes claviger,EN,9,https://www.gov.br/icmbio/pt-br/assuntos/biodiversidade/pan/saiba-mais/documentos-e-downloads/9-portaria-gm_mma-no-1-667-de-27-de-abril-de-2026.pdf
258,Peixes Continentais,Actinopterygii,Siluriformes,Trichomycteridae,Trichomycterus dali,EN,9,https://www.gov.br/icmbio/pt-br/assuntos/biodiversidade/pan/saiba-mais/documentos-e-downloads/9-portaria-gm_mma-no-1-667-de-27-de-abril-de-2026.pdf
259,Peixes Continentais,Actinopterygii,Siluriformes,Trichomycteridae,Trichomycterus itacarambiensis,VU,9,https://www.gov.br/icmbio/pt-br/assuntos/biodiversidade/pan/saiba-mais/documentos-e-downloads/9-portaria-gm_mma-no-1-667-de-27-de-abril-de-2026.pdf
260,Peixes Continentais,Actinopterygii,Siluriformes,Trichomycteridae,Trichomycterus rubbioli,VU,9,https://www.gov.br/icmbio/pt-br/assuntos/biodiversidade/pan/saiba-mais/documentos-e-downloads/9-portaria-gm_mma-no-1-667-de-27-de-abril-de-2026.pdf
261,Peixes Marinhos (ósseos),Actinopterygii,Elopiformes,Megalopidae,Megalops atlanticus,VU,9,https://www.gov.br/icmbio/pt-br/assuntos/biodiversidade/pan/saiba-mais/documentos-e-downloads/9-portaria-gm_mma-no-1-667-de-27-de-abril-de-2026.pdf
262,Peixes Marinhos (ósseos),Actinopterygii,Gobiesociformes,Gobiesocidae,Acyrtus pauciradiatus,VU,9,https://www.gov.br/icmbio/pt-br/assuntos/biodiversidade/pan/saiba-mais/documentos-e-downloads/9-portaria-gm_mma-no-1-667-de-27-de-abril-de-2026.pdf
263,Peixes Marinhos (ósseos),Actinopterygii,Ophidiiformes,Ophidiidae,Otophidium chickcharney,CR,9,https://www.gov.br/icmbio/pt-br/assuntos/biodiversidade/pan/saiba-mais/documentos-e-downloads/9-portaria-gm_mma-no-1-667-de-27-de-abril-de-2026.pdf
264,Peixes Marinhos (ósseos),Actinopterygii,Perciformes,Blenniidae,Hypleurochilus brasil,VU,9,https://www.gov.br/icmbio/pt-br/assuntos/biodiversidade/pan/saiba-mais/documentos-e-downloads/9-portaria-gm_mma-no-1-667-de-27-de-abril-de-2026.pdf
265,Peixes Marinhos (ósseos),Actinopterygii,Perciformes,Blenniidae,Scartella itajobi,VU,9,https://www.gov.br/icmbio/pt-br/assuntos/biodiversidade/pan/saiba-mais/documentos-e-downloads/9-portaria-gm_mma-no-1-667-de-27-de-abril-de-2026.pdf
266,Peixes Marinhos (ósseos),Actinopterygii,Perciformes,Blenniidae,Scartella poiti,VU,9,https://www.gov.br/icmbio/pt-br/assuntos/biodiversidade/pan/saiba-mais/documentos-e-downloads/9-portaria-gm_mma-no-1-667-de-27-de-abril-de-2026.pdf
267,Peixes Marinhos (ósseos),Actinopterygii,Perciformes,Chaetodontidae,Prognathodes obliquus,VU,9,https://www.gov.br/icmbio/pt-br/assuntos/biodiversidade/pan/saiba-mais/documentos-e-downloads/9-portaria-gm_mma-no-1-667-de-27-de-abril-de-2026.pdf
268,Peixes Marinhos (ósseos),Actinopterygii,Perciformes,Epinephelidae,Epinephelus itajara,CR,10,https://www.gov.br/icmbio/pt-br/assuntos/biodiversidade/pan/saiba-mais/documentos-e-downloads/9-portaria-gm_mma-no-1-667-de-27-de-abril-de-2026.pdf
269,Peixes Marinhos (ósseos),Actinopterygii,Perciformes,Epinephelidae,Epinephelus marginatus,VU,10,https://www.gov.br/icmbio/pt-br/assuntos/biodiversidade/pan/saiba-mais/documentos-e-downloads/9-portaria-gm_mma-no-1-667-de-27-de-abril-de-2026.pdf
270,Peixes Marinhos (ósseos),Actinopterygii,Perciformes,Epinephelidae,Epinephelus morio,EN,10,https://www.gov.br/icmbio/pt-br/assuntos/biodiversidade/pan/saiba-mais/documentos-e-downloads/9-portaria-gm_mma-no-1-667-de-27-de-abril-de-2026.pdf
271,Peixes Marinhos (ósseos),Actinopterygii,Perciformes,Gobiidae,Bathygobius brasiliensis,VU,10,https://www.gov.br/icmbio/pt-br/assuntos/biodiversidade/pan/saiba-mais/documentos-e-downloads/9-portaria-gm_mma-no-1-667-de-27-de-abril-de-2026.pdf
272,Peixes Marinhos (ósseos),Actinopterygii,Perciformes,Gobiidae,Elacatinus fgi aro,EN,10,https://www.gov.br/icmbio/pt-br/assuntos/biodiversidade/pan/saiba-mais/documentos-e-downloads/9-portaria-gm_mma-no-1-667-de-27-de-abril-de-2026.pdf
273,Peixes Marinhos (ósseos),Actinopterygii,Perciformes,Gobiidae,Elacatinus phthirophagus,VU,10,https://www.gov.br/icmbio/pt-br/assuntos/biodiversidade/pan/saiba-mais/documentos-e-downloads/9-portaria-gm_mma-no-1-667-de-27-de-abril-de-2026.pdf
274,Peixes Marinhos (ósseos),Actinopterygii,Perciformes,Istiophoridae,Makaira nigricans,VU,10,https://www.gov.br/icmbio/pt-br/assuntos/biodiversidade/pan/saiba-mais/documentos-e-downloads/9-portaria-gm_mma-no-1-667-de-27-de-abril-de-2026.pdf
275,Peixes Marinhos (ósseos),Actinopterygii,Perciformes,Labridae,Halichoeres rubrovirens,VU,10,https://www.gov.br/icmbio/pt-br/assuntos/biodiversidade/pan/saiba-mais/documentos-e-downloads/9-portaria-gm_mma-no-1-667-de-27-de-abril-de-2026.pdf
276,Peixes Marinhos (ósseos),Actinopterygii,Perciformes,Labrisomidae,Malacoctenus brunoi,VU,10,https://www.gov.br/icmbio/pt-br/assuntos/biodiversidade/pan/saiba-mais/documentos-e-downloads/9-portaria-gm_mma-no-1-667-de-27-de-abril-de-2026.pdf
277,Peixes Marinhos (ósseos),Actinopterygii,Perciformes,Labrisomidae,Starksia multilepis,VU,10,https://www.gov.br/icmbio/pt-br/assuntos/biodiversidade/pan/saiba-mais/documentos-e-downloads/9-portaria-gm_mma-no-1-667-de-27-de-abril-de-2026.pdf
278,Peixes Marinhos (ósseos),Actinopterygii,Perciformes,Lutjanidae,Lutjanus cyanopterus,VU,10,https://www.gov.br/icmbio/pt-br/assuntos/biodiversidade/pan/saiba-mais/documentos-e-downloads/9-portaria-gm_mma-no-1-667-de-27-de-abril-de-2026.pdf
279,Peixes Marinhos (ósseos),Actinopterygii,Perciformes,Lutjanidae,Lutjanus purpureus,EN,10,https://www.gov.br/icmbio/pt-br/assuntos/biodiversidade/pan/saiba-mais/documentos-e-downloads/9-portaria-gm_mma-no-1-667-de-27-de-abril-de-2026.pdf
280,Peixes Marinhos (ósseos),Actinopterygii,Acanthuriformes,Latilidae,Lopholatilus villarii,VU,10,https://www.gov.br/icmbio/pt-br/assuntos/biodiversidade/pan/saiba-mais/documentos-e-downloads/9-portaria-gm_mma-no-1-667-de-27-de-abril-de-2026.pdf
281,Peixes Marinhos (ósseos),Actinopterygii,Gobiiformes,Gobiidae,Cerdale fasciata,EN,10,https://www.gov.br/icmbio/pt-br/assuntos/biodiversidade/pan/saiba-mais/documentos-e-downloads/9-portaria-gm_mma-no-1-667-de-27-de-abril-de-2026.pdf
282,Peixes Marinhos (ósseos),Actinopterygii,Perciformes,Pempheridae,Pempheris gasparinii,VU,10,https://www.gov.br/icmbio/pt-br/assuntos/biodiversidade/pan/saiba-mais/documentos-e-downloads/9-portaria-gm_mma-no-1-667-de-27-de-abril-de-2026.pdf
283,Peixes Marinhos (ósseos),Actinopterygii,Acropomatiformes,Polyprionidae,Polyprion americanus,CR,10,https://www.gov.br/icmbio/pt-br/assuntos/biodiversidade/pan/saiba-mais/documentos-e-downloads/9-portaria-gm_mma-no-1-667-de-27-de-abril-de-2026.pdf
284,Peixes Marinhos (ósseos),Actinopterygii,Perciformes,Pomacentridae,Microspathodon chrysurus,VU,10,https://www.gov.br/icmbio/pt-br/assuntos/biodiversidade/pan/saiba-mais/documentos-e-downloads/9-portaria-gm_mma-no-1-667-de-27-de-abril-de-2026.pdf
285,Peixes Marinhos (ósseos),Actinopterygii,Perciformes,Pomacentridae,Stegastes rocasensis,VU,10,https://www.gov.br/icmbio/pt-br/assuntos/biodiversidade/pan/saiba-mais/documentos-e-downloads/9-portaria-gm_mma-no-1-667-de-27-de-abril-de-2026.pdf
286,Peixes Marinhos (ósseos),Actinopterygii,Perciformes,Pomacentridae,Stegastes sanctipauli,VU,10,https://www.gov.br/icmbio/pt-br/assuntos/biodiversidade/pan/saiba-mais/documentos-e-downloads/9-portaria-gm_mma-no-1-667-de-27-de-abril-de-2026.pdf
287,Peixes Marinhos (ósseos),Actinopterygii,Perciformes,Pomacentridae,Stegastes trindadensis,VU,10,https://www.gov.br/icmbio/pt-br/assuntos/biodiversidade/pan/saiba-mais/documentos-e-downloads/9-portaria-gm_mma-no-1-667-de-27-de-abril-de-2026.pdf
288,Peixes Marinhos (ósseos),Actinopterygii,Perciformes,Scaridae,Scarus trispinosus,CR,10,https://www.gov.br/icmbio/pt-br/assuntos/biodiversidade/pan/saiba-mais/documentos-e-downloads/9-portaria-gm_mma-no-1-667-de-27-de-abril-de-2026.pdf
289,Peixes Marinhos (ósseos),Actinopterygii,Perciformes,Scaridae,Scarus zelindae,EN,10,https://www.gov.br/icmbio/pt-br/assuntos/biodiversidade/pan/saiba-mais/documentos-e-downloads/9-portaria-gm_mma-no-1-667-de-27-de-abril-de-2026.pdf
290,Peixes Marinhos (ósseos),Actinopterygii,Perciformes,Scaridae,Sparisoma amplum,VU,11,https://www.gov.br/icmbio/pt-br/assuntos/biodiversidade/pan/saiba-mais/documentos-e-downloads/9-portaria-gm_mma-no-1-667-de-27-de-abril-de-2026.pdf
291,Peixes Marinhos (ósseos),Actinopterygii,Perciformes,Scaridae,Sparisoma axillare,VU,11,https://www.gov.br/icmbio/pt-br/assuntos/biodiversidade/pan/saiba-mais/documentos-e-downloads/9-portaria-gm_mma-no-1-667-de-27-de-abril-de-2026.pdf
292,Peixes Marinhos (ósseos),Actinopterygii,Perciformes,Scaridae,Sparisoma frondosum,VU,11,https://www.gov.br/icmbio/pt-br/assuntos/biodiversidade/pan/saiba-mais/documentos-e-downloads/9-portaria-gm_mma-no-1-667-de-27-de-abril-de-2026.pdf
293,Peixes Marinhos (ósseos),Actinopterygii,Perciformes,Scaridae,Sparisoma rocha,VU,11,https://www.gov.br/icmbio/pt-br/assuntos/biodiversidade/pan/saiba-mais/documentos-e-downloads/9-portaria-gm_mma-no-1-667-de-27-de-abril-de-2026.pdf
294,Peixes Marinhos (ósseos),Actinopterygii,Acanthuriformes,Sciaenidae,Pogonias courbina,CR,11,https://www.gov.br/icmbio/pt-br/assuntos/biodiversidade/pan/saiba-mais/documentos-e-downloads/9-portaria-gm_mma-no-1-667-de-27-de-abril-de-2026.pdf
295,Peixes Marinhos (ósseos),Actinopterygii,Perciformes,Scombridae,Thunnus thynnus,EN,11,https://www.gov.br/icmbio/pt-br/assuntos/biodiversidade/pan/saiba-mais/documentos-e-downloads/9-portaria-gm_mma-no-1-667-de-27-de-abril-de-2026.pdf
296,Peixes Marinhos (ósseos),Actinopterygii,Perciformes,Anthiadidae,Choranthias salmopunctatus,VU,11,https://www.gov.br/icmbio/pt-br/assuntos/biodiversidade/pan/saiba-mais/documentos-e-downloads/9-portaria-gm_mma-no-1-667-de-27-de-abril-de-2026.pdf
297,Peixes Marinhos (ósseos),Actinopterygii,Perciformes,Epinephelidae,Hyporthodus flavolimbatus,EN,11,https://www.gov.br/icmbio/pt-br/assuntos/biodiversidade/pan/saiba-mais/documentos-e-downloads/9-portaria-gm_mma-no-1-667-de-27-de-abril-de-2026.pdf
298,Peixes Marinhos (ósseos),Actinopterygii,Perciformes,Epinephelidae,Hyporthodus nigritus,EN,11,https://www.gov.br/icmbio/pt-br/assuntos/biodiversidade/pan/saiba-mais/documentos-e-downloads/9-portaria-gm_mma-no-1-667-de-27-de-abril-de-2026.pdf
299,Peixes Marinhos (ósseos),Actinopterygii,Perciformes,Epinephelidae,Hyporthodus niveatus,VU,11,https://www.gov.br/icmbio/pt-br/assuntos/biodiversidade/pan/saiba-mais/documentos-e-downloads/9-portaria-gm_mma-no-1-667-de-27-de-abril-de-2026.pdf
300,Peixes Marinhos (ósseos),Actinopterygii,Perciformes,Epinephelidae,Mycteroperca acutirostris,EN,11,https://www.gov.br/icmbio/pt-br/assuntos/biodiversidade/pan/saiba-mais/documentos-e-downloads/9-portaria-gm_mma-no-1-667-de-27-de-abril-de-2026.pdf
301,Peixes Marinhos (ósseos),Actinopterygii,Perciformes,Epinephelidae,Mycteroperca bonaci,EN,11,https://www.gov.br/icmbio/pt-br/assuntos/biodiversidade/pan/saiba-mais/documentos-e-downloads/9-portaria-gm_mma-no-1-667-de-27-de-abril-de-2026.pdf
302,Peixes Marinhos (ósseos),Actinopterygii,Perciformes,Epinephelidae,Mycteroperca interstitialis,VU,11,https://www.gov.br/icmbio/pt-br/assuntos/biodiversidade/pan/saiba-mais/documentos-e-downloads/9-portaria-gm_mma-no-1-667-de-27-de-abril-de-2026.pdf
303,Peixes Marinhos (ósseos),Actinopterygii,Perciformes,Anthiadidae,Odontanthias cauoh,VU,11,https://www.gov.br/icmbio/pt-br/assuntos/biodiversidade/pan/saiba-mais/documentos-e-downloads/9-portaria-gm_mma-no-1-667-de-27-de-abril-de-2026.pdf
304,Peixes Marinhos (ósseos),Actinopterygii,Perciformes,Anthiadidae,Tosanoides aphrodite,VU,11,https://www.gov.br/icmbio/pt-br/assuntos/biodiversidade/pan/saiba-mais/documentos-e-downloads/9-portaria-gm_mma-no-1-667-de-27-de-abril-de-2026.pdf
305,Peixes Marinhos (ósseos),Actinopterygii,Blenniiformes,Tripterygiidae,Enneanectes smithi,VU,11,https://www.gov.br/icmbio/pt-br/assuntos/biodiversidade/pan/saiba-mais/documentos-e-downloads/9-portaria-gm_mma-no-1-667-de-27-de-abril-de-2026.pdf
306,Peixes Marinhos (ósseos),Actinopterygii,Pleuronectiformes,Achiridae,Achirus mucuri,EN,11,https://www.gov.br/icmbio/pt-br/assuntos/biodiversidade/pan/saiba-mais/documentos-e-downloads/9-portaria-gm_mma-no-1-667-de-27-de-abril-de-2026.pdf
307,Peixes Marinhos (ósseos),Actinopterygii,Siluriformes,Ariidae,Genidens barbus,EN,11,https://www.gov.br/icmbio/pt-br/assuntos/biodiversidade/pan/saiba-mais/documentos-e-downloads/9-portaria-gm_mma-no-1-667-de-27-de-abril-de-2026.pdf
308,Peixes Marinhos (ósseos),Actinopterygii,Siluriformes,Ariidae,Genidens planifrons,EN,11,https://www.gov.br/icmbio/pt-br/assuntos/biodiversidade/pan/saiba-mais/documentos-e-downloads/9-portaria-gm_mma-no-1-667-de-27-de-abril-de-2026.pdf
309,Peixes Marinhos (ósseos),Actinopterygii,Siluriformes,Ariidae,Sciades parkeri,VU,11,https://www.gov.br/icmbio/pt-br/assuntos/biodiversidade/pan/saiba-mais/documentos-e-downloads/9-portaria-gm_mma-no-1-667-de-27-de-abril-de-2026.pdf
310,Peixes Marinhos (ósseos),Actinopterygii,Syngnathiformes,Syngnathidae,Hippocampus erectus,VU,11,https://www.gov.br/icmbio/pt-br/assuntos/biodiversidade/pan/saiba-mais/documentos-e-downloads/9-portaria-gm_mma-no-1-667-de-27-de-abril-de-2026.pdf
311,Peixes Marinhos (ósseos),Actinopterygii,Syngnathiformes,Syngnathidae,Hippocampus patagonicus,VU,11,https://www.gov.br/icmbio/pt-br/assuntos/biodiversidade/pan/saiba-mais/documentos-e-downloads/9-portaria-gm_mma-no-1-667-de-27-de-abril-de-2026.pdf
312,Peixes Marinhos (ósseos),Actinopterygii,Syngnathiformes,Syngnathidae,Hippocampus reidi,VU,11,https://www.gov.br/icmbio/pt-br/assuntos/biodiversidade/pan/saiba-mais/documentos-e-downloads/9-portaria-gm_mma-no-1-667-de-27-de-abril-de-2026.pdf
313,Peixes Marinhos (ósseos),Actinopterygii,Tetraodontiformes,Balistidae,Balistes capriscus,EN,12,https://www.gov.br/icmbio/pt-br/assuntos/biodiversidade/pan/saiba-mais/documentos-e-downloads/9-portaria-gm_mma-no-1-667-de-27-de-abril-de-2026.pdf
314,Tubarões e Raias,Elasmobranchii,Carcharhiniformes,Carcharhinidae,Carcharhinus acronotus,VU,12,https://www.gov.br/icmbio/pt-br/assuntos/biodiversidade/pan/saiba-mais/documentos-e-downloads/9-portaria-gm_mma-no-1-667-de-27-de-abril-de-2026.pdf
315,Tubarões e Raias,Elasmobranchii,Carcharhiniformes,Carcharhinidae,Carcharhinus brevipinna,VU,12,https://www.gov.br/icmbio/pt-br/assuntos/biodiversidade/pan/saiba-mais/documentos-e-downloads/9-portaria-gm_mma-no-1-667-de-27-de-abril-de-2026.pdf
316,Tubarões e Raias,Elasmobranchii,Carcharhiniformes,Carcharhinidae,Carcharhinus falciformis,CR,12,https://www.gov.br/icmbio/pt-br/assuntos/biodiversidade/pan/saiba-mais/documentos-e-downloads/9-portaria-gm_mma-no-1-667-de-27-de-abril-de-2026.pdf
317,Tubarões e Raias,Elasmobranchii,Carcharhiniformes,Carcharhinidae,Carcharhinus galapagensis,CR,12,https://www.gov.br/icmbio/pt-br/assuntos/biodiversidade/pan/saiba-mais/documentos-e-downloads/9-portaria-gm_mma-no-1-667-de-27-de-abril-de-2026.pdf
318,Tubarões e Raias,Elasmobranchii,Carcharhiniformes,Carcharhinidae,Carcharhinus leucas,VU,12,https://www.gov.br/icmbio/pt-br/assuntos/biodiversidade/pan/saiba-mais/documentos-e-downloads/9-portaria-gm_mma-no-1-667-de-27-de-abril-de-2026.pdf
319,Tubarões e Raias,Elasmobranchii,Carcharhiniformes,Carcharhinidae,Carcharhinus longimanus,CR,12,https://www.gov.br/icmbio/pt-br/assuntos/biodiversidade/pan/saiba-mais/documentos-e-downloads/9-portaria-gm_mma-no-1-667-de-27-de-abril-de-2026.pdf
320,Tubarões e Raias,Elasmobranchii,Carcharhiniformes,Carcharhinidae,Carcharhinus obscurus,EN,12,https://www.gov.br/icmbio/pt-br/assuntos/biodiversidade/pan/saiba-mais/documentos-e-downloads/9-portaria-gm_mma-no-1-667-de-27-de-abril-de-2026.pdf
321,Tubarões e Raias,Elasmobranchii,Carcharhiniformes,Carcharhinidae,Carcharhinus perezi,VU,12,https://www.gov.br/icmbio/pt-br/assuntos/biodiversidade/pan/saiba-mais/documentos-e-downloads/9-portaria-gm_mma-no-1-667-de-27-de-abril-de-2026.pdf
322,Tubarões e Raias,Elasmobranchii,Carcharhiniformes,Carcharhinidae,Carcharhinus plumbeus,CR,12,https://www.gov.br/icmbio/pt-br/assuntos/biodiversidade/pan/saiba-mais/documentos-e-downloads/9-portaria-gm_mma-no-1-667-de-27-de-abril-de-2026.pdf
323,Tubarões e Raias,Elasmobranchii,Carcharhiniformes,Carcharhinidae,Carcharhinus porosus,CR,12,https://www.gov.br/icmbio/pt-br/assuntos/biodiversidade/pan/saiba-mais/documentos-e-downloads/9-portaria-gm_mma-no-1-667-de-27-de-abril-de-2026.pdf
324,Tubarões e Raias,Elasmobranchii,Carcharhiniformes,Carcharhinidae,Carcharhinus signatus,EN,12,https://www.gov.br/icmbio/pt-br/assuntos/biodiversidade/pan/saiba-mais/documentos-e-downloads/9-portaria-gm_mma-no-1-667-de-27-de-abril-de-2026.pdf
325,Tubarões e Raias,Elasmobranchii,Carcharhiniformes,Carcharhinidae,Isogomphodon oxyrhynchus,CR,12,https://www.gov.br/icmbio/pt-br/assuntos/biodiversidade/pan/saiba-mais/documentos-e-downloads/9-portaria-gm_mma-no-1-667-de-27-de-abril-de-2026.pdf
326,Tubarões e Raias,Elasmobranchii,Carcharhiniformes,Carcharhinidae,Negaprion brevirostris,EN,12,https://www.gov.br/icmbio/pt-br/assuntos/biodiversidade/pan/saiba-mais/documentos-e-downloads/9-portaria-gm_mma-no-1-667-de-27-de-abril-de-2026.pdf
327,Tubarões e Raias,Elasmobranchii,Carcharhiniformes,Sphyrnidae,Sphyrna gilberti,CR,12,https://www.gov.br/icmbio/pt-br/assuntos/biodiversidade/pan/saiba-mais/documentos-e-downloads/9-portaria-gm_mma-no-1-667-de-27-de-abril-de-2026.pdf
328,Tubarões e Raias,Elasmobranchii,Carcharhiniformes,Sphyrnidae,Sphyrna lewini,CR,12,https://www.gov.br/icmbio/pt-br/assuntos/biodiversidade/pan/saiba-mais/documentos-e-downloads/9-portaria-gm_mma-no-1-667-de-27-de-abril-de-2026.pdf
329,Tubarões e Raias,Elasmobranchii,Carcharhiniformes,Sphyrnidae,Sphyrna media,CR,12,https://www.gov.br/icmbio/pt-br/assuntos/biodiversidade/pan/saiba-mais/documentos-e-downloads/9-portaria-gm_mma-no-1-667-de-27-de-abril-de-2026.pdf
330,Tubarões e Raias,Elasmobranchii,Carcharhiniformes,Sphyrnidae,Sphyrna mokarran,CR,12,https://www.gov.br/icmbio/pt-br/assuntos/biodiversidade/pan/saiba-mais/documentos-e-downloads/9-portaria-gm_mma-no-1-667-de-27-de-abril-de-2026.pdf
331,Tubarões e Raias,Elasmobranchii,Carcharhiniformes,Sphyrnidae,Sphyrna tiburo,CR,12,https://www.gov.br/icmbio/pt-br/assuntos/biodiversidade/pan/saiba-mais/documentos-e-downloads/9-portaria-gm_mma-no-1-667-de-27-de-abril-de-2026.pdf
332,Tubarões e Raias,Elasmobranchii,Carcharhiniformes,Sphyrnidae,Sphyrna tudes,CR,12,https://www.gov.br/icmbio/pt-br/assuntos/biodiversidade/pan/saiba-mais/documentos-e-downloads/9-portaria-gm_mma-no-1-667-de-27-de-abril-de-2026.pdf
333,Tubarões e Raias,Elasmobranchii,Carcharhiniformes,Sphyrnidae,Sphyrna zygaena,CR,12,https://www.gov.br/icmbio/pt-br/assuntos/biodiversidade/pan/saiba-mais/documentos-e-downloads/9-portaria-gm_mma-no-1-667-de-27-de-abril-de-2026.pdf
334,Tubarões e Raias,Elasmobranchii,Carcharhiniformes,Triakidae,Galeorhinus galeus,CR,12,https://www.gov.br/icmbio/pt-br/assuntos/biodiversidade/pan/saiba-mais/documentos-e-downloads/9-portaria-gm_mma-no-1-667-de-27-de-abril-de-2026.pdf
335,Tubarões e Raias,Elasmobranchii,Carcharhiniformes,Triakidae,Mustelus canis,EN,12,https://www.gov.br/icmbio/pt-br/assuntos/biodiversidade/pan/saiba-mais/documentos-e-downloads/9-portaria-gm_mma-no-1-667-de-27-de-abril-de-2026.pdf
336,Tubarões e Raias,Elasmobranchii,Carcharhiniformes,Triakidae,Mustelus fasciatus,CR,12,https://www.gov.br/icmbio/pt-br/assuntos/biodiversidade/pan/saiba-mais/documentos-e-downloads/9-portaria-gm_mma-no-1-667-de-27-de-abril-de-2026.pdf
337,Tubarões e Raias,Elasmobranchii,Carcharhiniformes,Triakidae,Mustelus schmitti,CR,12,https://www.gov.br/icmbio/pt-br/assuntos/biodiversidade/pan/saiba-mais/documentos-e-downloads/9-portaria-gm_mma-no-1-667-de-27-de-abril-de-2026.pdf
338,Tubarões e Raias,Elasmobranchii,Hexanchiformes,Hexanchidae,Notorynchus cepedianus,CR,12,https://www.gov.br/icmbio/pt-br/assuntos/biodiversidade/pan/saiba-mais/documentos-e-downloads/9-portaria-gm_mma-no-1-667-de-27-de-abril-de-2026.pdf
339,Tubarões e Raias,Elasmobranchii,Lamniformes,Alopiidae,Alopias superciliosus,EN,12,https://www.gov.br/icmbio/pt-br/assuntos/biodiversidade/pan/saiba-mais/documentos-e-downloads/9-portaria-gm_mma-no-1-667-de-27-de-abril-de-2026.pdf
340,Tubarões e Raias,Elasmobranchii,Lamniformes,Alopiidae,Alopias vulpinus,CR,12,https://www.gov.br/icmbio/pt-br/assuntos/biodiversidade/pan/saiba-mais/documentos-e-downloads/9-portaria-gm_mma-no-1-667-de-27-de-abril-de-2026.pdf
341,Tubarões e Raias,Elasmobranchii,Lamniformes,Carchariidae,Carcharias taurus,CR,12,https://www.gov.br/icmbio/pt-br/assuntos/biodiversidade/pan/saiba-mais/documentos-e-downloads/9-portaria-gm_mma-no-1-667-de-27-de-abril-de-2026.pdf
342,Tubarões e Raias,Elasmobranchii,Lamniformes,Cetorhinidae,Cetorhinus maximus,CR,12,https://www.gov.br/icmbio/pt-br/assuntos/biodiversidade/pan/saiba-mais/documentos-e-downloads/9-portaria-gm_mma-no-1-667-de-27-de-abril-de-2026.pdf
343,Tubarões e Raias,Elasmobranchii,Lamniformes,Lamnidae,Carcharodon carcharias,VU,12,https://www.gov.br/icmbio/pt-br/assuntos/biodiversidade/pan/saiba-mais/documentos-e-downloads/9-portaria-gm_mma-no-1-667-de-27-de-abril-de-2026.pdf
344,Tubarões e Raias,Elasmobranchii,Lamniformes,Lamnidae,Isurus oxyrinchus,CR,13,https://www.gov.br/icmbio/pt-br/assuntos/biodiversidade/pan/saiba-mais/documentos-e-downloads/9-portaria-gm_mma-no-1-667-de-27-de-abril-de-2026.pdf
345,Tubarões e Raias,Elasmobranchii,Myliobatiformes,Dasyatidae,Bathytoshia centroura,CR,13,https://www.gov.br/icmbio/pt-br/assuntos/biodiversidade/pan/saiba-mais/documentos-e-downloads/9-portaria-gm_mma-no-1-667-de-27-de-abril-de-2026.pdf
346,Tubarões e Raias,Elasmobranchii,Myliobatiformes,Dasyatidae,Fontitrygon colarensis,VU,13,https://www.gov.br/icmbio/pt-br/assuntos/biodiversidade/pan/saiba-mais/documentos-e-downloads/9-portaria-gm_mma-no-1-667-de-27-de-abril-de-2026.pdf
347,Tubarões e Raias,Elasmobranchii,Myliobatiformes,Dasyatidae,Hypanus berthalutzae,VU,13,https://www.gov.br/icmbio/pt-br/assuntos/biodiversidade/pan/saiba-mais/documentos-e-downloads/9-portaria-gm_mma-no-1-667-de-27-de-abril-de-2026.pdf
348,Tubarões e Raias,Elasmobranchii,Myliobatiformes,Dasyatidae,Hypanus marianae,VU,13,https://www.gov.br/icmbio/pt-br/assuntos/biodiversidade/pan/saiba-mais/documentos-e-downloads/9-portaria-gm_mma-no-1-667-de-27-de-abril-de-2026.pdf
349,Tubarões e Raias,Elasmobranchii,Myliobatiformes,Gymnuridae,Gymnura altavela,CR,13,https://www.gov.br/icmbio/pt-br/assuntos/biodiversidade/pan/saiba-mais/documentos-e-downloads/9-portaria-gm_mma-no-1-667-de-27-de-abril-de-2026.pdf
350,Tubarões e Raias,Elasmobranchii,Myliobatiformes,Mobulidae,Mobula birostris,VU,13,https://www.gov.br/icmbio/pt-br/assuntos/biodiversidade/pan/saiba-mais/documentos-e-downloads/9-portaria-gm_mma-no-1-667-de-27-de-abril-de-2026.pdf
351,Tubarões e Raias,Elasmobranchii,Myliobatiformes,Mobulidae,Mobula mobular,VU,13,https://www.gov.br/icmbio/pt-br/assuntos/biodiversidade/pan/saiba-mais/documentos-e-downloads/9-portaria-gm_mma-no-1-667-de-27-de-abril-de-2026.pdf
352,Tubarões e Raias,Elasmobranchii,Myliobatiformes,Mobulidae,Mobula tarapacana,VU,13,https://www.gov.br/icmbio/pt-br/assuntos/biodiversidade/pan/saiba-mais/documentos-e-downloads/9-portaria-gm_mma-no-1-667-de-27-de-abril-de-2026.pdf
353,Tubarões e Raias,Elasmobranchii,Myliobatiformes,Mobulidae,Mobula thurstoni,VU,13,https://www.gov.br/icmbio/pt-br/assuntos/biodiversidade/pan/saiba-mais/documentos-e-downloads/9-portaria-gm_mma-no-1-667-de-27-de-abril-de-2026.pdf
354,Tubarões e Raias,Elasmobranchii,Myliobatiformes,Myliobatidae,Myliobatis freminvillei,EN,13,https://www.gov.br/icmbio/pt-br/assuntos/biodiversidade/pan/saiba-mais/documentos-e-downloads/9-portaria-gm_mma-no-1-667-de-27-de-abril-de-2026.pdf
355,Tubarões e Raias,Elasmobranchii,Myliobatiformes,Myliobatidae,Myliobatis goodei,CR,13,https://www.gov.br/icmbio/pt-br/assuntos/biodiversidade/pan/saiba-mais/documentos-e-downloads/9-portaria-gm_mma-no-1-667-de-27-de-abril-de-2026.pdf
356,Tubarões e Raias,Elasmobranchii,Myliobatiformes,Myliobatidae,Myliobatis ridens,CR,13,https://www.gov.br/icmbio/pt-br/assuntos/biodiversidade/pan/saiba-mais/documentos-e-downloads/9-portaria-gm_mma-no-1-667-de-27-de-abril-de-2026.pdf
357,Tubarões e Raias,Elasmobranchii,Myliobatiformes,Potamotrygonidae,Paratrygon aiereba,CR,13,https://www.gov.br/icmbio/pt-br/assuntos/biodiversidade/pan/saiba-mais/documentos-e-downloads/9-portaria-gm_mma-no-1-667-de-27-de-abril-de-2026.pdf
358,Tubarões e Raias,Elasmobranchii,Myliobatiformes,Potamotrygonidae,Potamotrygon leopoldi,VU,13,https://www.gov.br/icmbio/pt-br/assuntos/biodiversidade/pan/saiba-mais/documentos-e-downloads/9-portaria-gm_mma-no-1-667-de-27-de-abril-de-2026.pdf
359,Tubarões e Raias,Elasmobranchii,Myliobatiformes,Potamotrygonidae,Potamotrygon marquesi,VU,13,https://www.gov.br/icmbio/pt-br/assuntos/biodiversidade/pan/saiba-mais/documentos-e-downloads/9-portaria-gm_mma-no-1-667-de-27-de-abril-de-2026.pdf
360,Tubarões e Raias,Elasmobranchii,Myliobatiformes,Potamotrygonidae,Potamotrygon signata,EN,13,https://www.gov.br/icmbio/pt-br/assuntos/biodiversidade/pan/saiba-mais/documentos-e-downloads/9-portaria-gm_mma-no-1-667-de-27-de-abril-de-2026.pdf
361,Tubarões e Raias,Elasmobranchii,Myliobatiformes,Rhinopteridae,Rhinoptera brasiliensis,CR,13,https://www.gov.br/icmbio/pt-br/assuntos/biodiversidade/pan/saiba-mais/documentos-e-downloads/9-portaria-gm_mma-no-1-667-de-27-de-abril-de-2026.pdf
362,Tubarões e Raias,Elasmobranchii,Myliobatiformes,Urotrygonidae,Urotrygon microphthalmum,VU,13,https://www.gov.br/icmbio/pt-br/assuntos/biodiversidade/pan/saiba-mais/documentos-e-downloads/9-portaria-gm_mma-no-1-667-de-27-de-abril-de-2026.pdf
363,Tubarões e Raias,Elasmobranchii,Orectolobiformes,Ginglymostomatidae,Ginglymostoma cirratum,VU,13,https://www.gov.br/icmbio/pt-br/assuntos/biodiversidade/pan/saiba-mais/documentos-e-downloads/9-portaria-gm_mma-no-1-667-de-27-de-abril-de-2026.pdf
364,Tubarões e Raias,Elasmobranchii,Orectolobiformes,Rhincodontidae,Rhincodon typus,VU,13,https://www.gov.br/icmbio/pt-br/assuntos/biodiversidade/pan/saiba-mais/documentos-e-downloads/9-portaria-gm_mma-no-1-667-de-27-de-abril-de-2026.pdf
365,Tubarões e Raias,Elasmobranchii,Rajiformes,Arhynchobatidae,Atlantoraja castelnaui,EN,13,https://www.gov.br/icmbio/pt-br/assuntos/biodiversidade/pan/saiba-mais/documentos-e-downloads/9-portaria-gm_mma-no-1-667-de-27-de-abril-de-2026.pdf
366,Tubarões e Raias,Elasmobranchii,Rajiformes,Arhynchobatidae,Atlantoraja cyclophora,VU,13,https://www.gov.br/icmbio/pt-br/assuntos/biodiversidade/pan/saiba-mais/documentos-e-downloads/9-portaria-gm_mma-no-1-667-de-27-de-abril-de-2026.pdf
367,Tubarões e Raias,Elasmobranchii,Rajiformes,Arhynchobatidae,Rioraja agassizii,VU,13,https://www.gov.br/icmbio/pt-br/assuntos/biodiversidade/pan/saiba-mais/documentos-e-downloads/9-portaria-gm_mma-no-1-667-de-27-de-abril-de-2026.pdf
368,Tubarões e Raias,Elasmobranchii,Rajiformes,Arhynchobatidae,Sympterygia acuta,EN,13,https://www.gov.br/icmbio/pt-br/assuntos/biodiversidade/pan/saiba-mais/documentos-e-downloads/9-portaria-gm_mma-no-1-667-de-27-de-abril-de-2026.pdf
369,Tubarões e Raias,Elasmobranchii,Rajiformes,Arhynchobatidae,Sympterygia bonapartii,EN,13,https://www.gov.br/icmbio/pt-br/assuntos/biodiversidade/pan/saiba-mais/documentos-e-downloads/9-portaria-gm_mma-no-1-667-de-27-de-abril-de-2026.pdf
370,Tubarões e Raias,Elasmobranchii,Rhinopristiformes,Pristidae,Pristis pectinata,CR,13,https://www.gov.br/icmbio/pt-br/assuntos/biodiversidade/pan/saiba-mais/documentos-e-downloads/9-portaria-gm_mma-no-1-667-de-27-de-abril-de-2026.pdf
371,Tubarões e Raias,Elasmobranchii,Rhinopristiformes,Pristidae,Pristis pristis,CR,13,https://www.gov.br/icmbio/pt-br/assuntos/biodiversidade/pan/saiba-mais/documentos-e-downloads/9-portaria-gm_mma-no-1-667-de-27-de-abril-de-2026.pdf
372,Tubarões e Raias,Elasmobranchii,Rhinopristiformes,Rhinobatidae,Pseudobatos horkelii,CR,13,https://www.gov.br/icmbio/pt-br/assuntos/biodiversidade/pan/saiba-mais/documentos-e-downloads/9-portaria-gm_mma-no-1-667-de-27-de-abril-de-2026.pdf
373,Tubarões e Raias,Elasmobranchii,Rhinopristiformes,Rhinobatidae,Pseudobatos percellens,VU,13,https://www.gov.br/icmbio/pt-br/assuntos/biodiversidade/pan/saiba-mais/documentos-e-downloads/9-portaria-gm_mma-no-1-667-de-27-de-abril-de-2026.pdf
374,Tubarões e Raias,Elasmobranchii,Rhinopristiformes,Trygonorhinidae,Zapteryx brevirostris,VU,13,https://www.gov.br/icmbio/pt-br/assuntos/biodiversidade/pan/saiba-mais/documentos-e-downloads/9-portaria-gm_mma-no-1-667-de-27-de-abril-de-2026.pdf
375,Tubarões e Raias,Elasmobranchii,Squatiniformes,Squatinidae,Squatina argentina,CR,14,https://www.gov.br/icmbio/pt-br/assuntos/biodiversidade/pan/saiba-mais/documentos-e-downloads/9-portaria-gm_mma-no-1-667-de-27-de-abril-de-2026.pdf
376,Tubarões e Raias,Elasmobranchii,Squatiniformes,Squatinidae,Squatina guggenheim,CR,14,https://www.gov.br/icmbio/pt-br/assuntos/biodiversidade/pan/saiba-mais/documentos-e-downloads/9-portaria-gm_mma-no-1-667-de-27-de-abril-de-2026.pdf
377,Tubarões e Raias,Elasmobranchii,Squatiniformes,Squatinidae,Squatina occulta,CR,14,https://www.gov.br/icmbio/pt-br/assuntos/biodiversidade/pan/saiba-mais/documentos-e-downloads/9-portaria-gm_mma-no-1-667-de-27-de-abril-de-2026.pdf
378,Tubarões e Raias,Elasmobranchii,Torpediniformes,Narcinidae,Narcine brasiliensis,VU,14,https://www.gov.br/icmbio/pt-br/assuntos/biodiversidade/pan/saiba-mais/documentos-e-downloads/9-portaria-gm_mma-no-1-667-de-27-de-abril-de-2026.pdf
379,Invertebrados de Água Doce,Bivalvia,Sphaeriida,Sphaeriidae,Eupera troglobia,CR,14,https://www.gov.br/icmbio/pt-br/assuntos/biodiversidade/pan/saiba-mais/documentos-e-downloads/9-portaria-gm_mma-no-1-667-de-27-de-abril-de-2026.pdf
380,Invertebrados de Água Doce,Bivalvia,Unionida,Hyriidae,Castalia martensi,VU,14,https://www.gov.br/icmbio/pt-br/assuntos/biodiversidade/pan/saiba-mais/documentos-e-downloads/9-portaria-gm_mma-no-1-667-de-27-de-abril-de-2026.pdf
381,Invertebrados de Água Doce,Bivalvia,Unionida,Hyriidae,Diplodon fontainianus,VU,14,https://www.gov.br/icmbio/pt-br/assuntos/biodiversidade/pan/saiba-mais/documentos-e-downloads/9-portaria-gm_mma-no-1-667-de-27-de-abril-de-2026.pdf
382,Invertebrados de Água Doce,Bivalvia,Unionida,Hyriidae,Rhipidodonta garbei,VU,14,https://www.gov.br/icmbio/pt-br/assuntos/biodiversidade/pan/saiba-mais/documentos-e-downloads/9-portaria-gm_mma-no-1-667-de-27-de-abril-de-2026.pdf
383,Invertebrados de Água Doce,Bivalvia,Unionida,Hyriidae,Rhipidodonta iheringi,EN,14,https://www.gov.br/icmbio/pt-br/assuntos/biodiversidade/pan/saiba-mais/documentos-e-downloads/9-portaria-gm_mma-no-1-667-de-27-de-abril-de-2026.pdf
384,Invertebrados de Água Doce,Bivalvia,Unionida,Hyriidae,Rhipidodonta koseritzi,EN,14,https://www.gov.br/icmbio/pt-br/assuntos/biodiversidade/pan/saiba-mais/documentos-e-downloads/9-portaria-gm_mma-no-1-667-de-27-de-abril-de-2026.pdf
385,Invertebrados de Água Doce,Bivalvia,Unionida,Mycetopodidae,Anodontites ferrarisii,EN,14,https://www.gov.br/icmbio/pt-br/assuntos/biodiversidade/pan/saiba-mais/documentos-e-downloads/9-portaria-gm_mma-no-1-667-de-27-de-abril-de-2026.pdf
386,Invertebrados de Água Doce,Bivalvia,Unionida,Mycetopodidae,Anodontites iheringi,EN,14,https://www.gov.br/icmbio/pt-br/assuntos/biodiversidade/pan/saiba-mais/documentos-e-downloads/9-portaria-gm_mma-no-1-667-de-27-de-abril-de-2026.pdf
387,Invertebrados de Água Doce,Bivalvia,Unionida,Mycetopodidae,Haasica balzani,VU,14,https://www.gov.br/icmbio/pt-br/assuntos/biodiversidade/pan/saiba-mais/documentos-e-downloads/9-portaria-gm_mma-no-1-667-de-27-de-abril-de-2026.pdf
388,Invertebrados de Água Doce,Bivalvia,Unionida,Mycetopodidae,Leila blainvilliana,CR,14,https://www.gov.br/icmbio/pt-br/assuntos/biodiversidade/pan/saiba-mais/documentos-e-downloads/9-portaria-gm_mma-no-1-667-de-27-de-abril-de-2026.pdf
389,Invertebrados de Água Doce,Bivalvia,Unionida,Mycetopodidae,Monocondylaea franciscana,VU,14,https://www.gov.br/icmbio/pt-br/assuntos/biodiversidade/pan/saiba-mais/documentos-e-downloads/9-portaria-gm_mma-no-1-667-de-27-de-abril-de-2026.pdf
390,Invertebrados de Água Doce,Bivalvia,Unionida,Mycetopodidae,Monocondylaea paraguayana,VU,14,https://www.gov.br/icmbio/pt-br/assuntos/biodiversidade/pan/saiba-mais/documentos-e-downloads/9-portaria-gm_mma-no-1-667-de-27-de-abril-de-2026.pdf
391,Invertebrados de Água Doce,Bivalvia,Unionida,Mycetopodidae,Mycetopoda legumen,EN,14,https://www.gov.br/icmbio/pt-br/assuntos/biodiversidade/pan/saiba-mais/documentos-e-downloads/9-portaria-gm_mma-no-1-667-de-27-de-abril-de-2026.pdf
392,Invertebrados de Água Doce,Bivalvia,Venerida,Cyrenidae,Cyanocyclas guahybensis,EN,14,https://www.gov.br/icmbio/pt-br/assuntos/biodiversidade/pan/saiba-mais/documentos-e-downloads/9-portaria-gm_mma-no-1-667-de-27-de-abril-de-2026.pdf
393,Invertebrados de Água Doce,Demospongiae,Spongillida,Spongillidae,Racekiela cavernicola,CR,14,https://www.gov.br/icmbio/pt-br/assuntos/biodiversidade/pan/saiba-mais/documentos-e-downloads/9-portaria-gm_mma-no-1-667-de-27-de-abril-de-2026.pdf
394,Invertebrados de Água Doce,Demospongiae,Incertae Sedis,Incertae Sedis,Arinosaster patriciae,CR,14,https://www.gov.br/icmbio/pt-br/assuntos/biodiversidade/pan/saiba-mais/documentos-e-downloads/9-portaria-gm_mma-no-1-667-de-27-de-abril-de-2026.pdf
395,Invertebrados de Água Doce,Gastropoda,Caenogastropoda,Hydrobiidae,Potamolithus troglobius,CR,14,https://www.gov.br/icmbio/pt-br/assuntos/biodiversidade/pan/saiba-mais/documentos-e-downloads/9-portaria-gm_mma-no-1-667-de-27-de-abril-de-2026.pdf
396,Invertebrados de Água Doce,Gastropoda,Caenogastropoda,Tateidae,Potamolithus karsticus,EN,14,https://www.gov.br/icmbio/pt-br/assuntos/biodiversidade/pan/saiba-mais/documentos-e-downloads/9-portaria-gm_mma-no-1-667-de-27-de-abril-de-2026.pdf
397,Invertebrados de Água Doce,Gastropoda,Caenogastropoda,Thiaridae,Aylacostoma tenuilabris,VU,14,https://www.gov.br/icmbio/pt-br/assuntos/biodiversidade/pan/saiba-mais/documentos-e-downloads/9-portaria-gm_mma-no-1-667-de-27-de-abril-de-2026.pdf
398,Invertebrados de Água Doce,Gastropoda,Littorinimorpha,Pomatiopsidae,Spiripockia punctata,CR,14,https://www.gov.br/icmbio/pt-br/assuntos/biodiversidade/pan/saiba-mais/documentos-e-downloads/9-portaria-gm_mma-no-1-667-de-27-de-abril-de-2026.pdf
399,Invertebrados de Água Doce,Insecta,Coleoptera,Dytiscidae,Copelatus cessaima,EN,14,https://www.gov.br/icmbio/pt-br/assuntos/biodiversidade/pan/saiba-mais/documentos-e-downloads/9-portaria-gm_mma-no-1-667-de-27-de-abril-de-2026.pdf
400,Invertebrados de Água Doce,Insecta,Ephemeroptera,Baetidae,Adebrotus lugoi,VU,14,https://www.gov.br/icmbio/pt-br/assuntos/biodiversidade/pan/saiba-mais/documentos-e-downloads/9-portaria-gm_mma-no-1-667-de-27-de-abril-de-2026.pdf
401,Invertebrados de Água Doce,Insecta,Ephemeroptera,Baetidae,Camelobaetidius juparana,VU,14,https://www.gov.br/icmbio/pt-br/assuntos/biodiversidade/pan/saiba-mais/documentos-e-downloads/9-portaria-gm_mma-no-1-667-de-27-de-abril-de-2026.pdf
402,Invertebrados de Água Doce,Insecta,Ephemeroptera,Baetidae,Camelobaetidius maranhensis,VU,14,https://www.gov.br/icmbio/pt-br/assuntos/biodiversidade/pan/saiba-mais/documentos-e-downloads/9-portaria-gm_mma-no-1-667-de-27-de-abril-de-2026.pdf
403,Invertebrados de Água Doce,Insecta,Ephemeroptera,Baetidae,Camelobaetidius spinosus,VU,14,https://www.gov.br/icmbio/pt-br/assuntos/biodiversidade/pan/saiba-mais/documentos-e-downloads/9-portaria-gm_mma-no-1-667-de-27-de-abril-de-2026.pdf
404,Invertebrados de Água Doce,Insecta,Ephemeroptera,Leptophlebiidae,Hermanella amere,EN,14,https://www.gov.br/icmbio/pt-br/assuntos/biodiversidade/pan/saiba-mais/documentos-e-downloads/9-portaria-gm_mma-no-1-667-de-27-de-abril-de-2026.pdf
405,Invertebrados de Água Doce,Insecta,Ephemeroptera,Leptophlebiidae,Hermanella nigra,VU,14,https://www.gov.br/icmbio/pt-br/assuntos/biodiversidade/pan/saiba-mais/documentos-e-downloads/9-portaria-gm_mma-no-1-667-de-27-de-abril-de-2026.pdf
406,Invertebrados de Água Doce,Insecta,Ephemeroptera,Leptophlebiidae,Miroculis stenopterus,EN,14,https://www.gov.br/icmbio/pt-br/assuntos/biodiversidade/pan/saiba-mais/documentos-e-downloads/9-portaria-gm_mma-no-1-667-de-27-de-abril-de-2026.pdf
407,Invertebrados de Água Doce,Insecta,Ephemeroptera,Leptophlebiidae,Simothraulopsis eurybasis,VU,15,https://www.gov.br/icmbio/pt-br/assuntos/biodiversidade/pan/saiba-mais/documentos-e-downloads/9-portaria-gm_mma-no-1-667-de-27-de-abril-de-2026.pdf
408,Invertebrados de Água Doce,Insecta,Ephemeroptera,Oligoneuriidae,Lachlania aldinae,VU,15,https://www.gov.br/icmbio/pt-br/assuntos/biodiversidade/pan/saiba-mais/documentos-e-downloads/9-portaria-gm_mma-no-1-667-de-27-de-abril-de-2026.pdf
409,Invertebrados de Água Doce,Insecta,Ephemeroptera,Oligoneuriidae,Oligoneuria amandae,VU,15,https://www.gov.br/icmbio/pt-br/assuntos/biodiversidade/pan/saiba-mais/documentos-e-downloads/9-portaria-gm_mma-no-1-667-de-27-de-abril-de-2026.pdf
410,Invertebrados de Água Doce,Insecta,Ephemeroptera,Oligoneuriidae,Oligoneuria macabaiba,EN,15,https://www.gov.br/icmbio/pt-br/assuntos/biodiversidade/pan/saiba-mais/documentos-e-downloads/9-portaria-gm_mma-no-1-667-de-27-de-abril-de-2026.pdf
411,Invertebrados de Água Doce,Insecta,Hemiptera,Hydrometridae,Spelaeometra hypogea,CR,15,https://www.gov.br/icmbio/pt-br/assuntos/biodiversidade/pan/saiba-mais/documentos-e-downloads/9-portaria-gm_mma-no-1-667-de-27-de-abril-de-2026.pdf
412,Invertebrados de Água Doce,Insecta,Odonata,Coenagrionidae,Forcepsioneura machadorum,CR,15,https://www.gov.br/icmbio/pt-br/assuntos/biodiversidade/pan/saiba-mais/documentos-e-downloads/9-portaria-gm_mma-no-1-667-de-27-de-abril-de-2026.pdf
413,Invertebrados de Água Doce,Insecta,Odonata,Coenagrionidae,Franciscobasis franciscoi,EN,15,https://www.gov.br/icmbio/pt-br/assuntos/biodiversidade/pan/saiba-mais/documentos-e-downloads/9-portaria-gm_mma-no-1-667-de-27-de-abril-de-2026.pdf
414,Invertebrados de Água Doce,Insecta,Odonata,Coenagrionidae,Kiautagrion acutum,EN,15,https://www.gov.br/icmbio/pt-br/assuntos/biodiversidade/pan/saiba-mais/documentos-e-downloads/9-portaria-gm_mma-no-1-667-de-27-de-abril-de-2026.pdf
415,Invertebrados de Água Doce,Insecta,Odonata,Coenagrionidae,Leptagrion bocainense,VU,15,https://www.gov.br/icmbio/pt-br/assuntos/biodiversidade/pan/saiba-mais/documentos-e-downloads/9-portaria-gm_mma-no-1-667-de-27-de-abril-de-2026.pdf
416,Invertebrados de Água Doce,Insecta,Odonata,Coenagrionidae,Machadagrion garbei,VU,15,https://www.gov.br/icmbio/pt-br/assuntos/biodiversidade/pan/saiba-mais/documentos-e-downloads/9-portaria-gm_mma-no-1-667-de-27-de-abril-de-2026.pdf
417,Invertebrados de Água Doce,Insecta,Odonata,Coenagrionidae,Minagrion canaanense,VU,15,https://www.gov.br/icmbio/pt-br/assuntos/biodiversidade/pan/saiba-mais/documentos-e-downloads/9-portaria-gm_mma-no-1-667-de-27-de-abril-de-2026.pdf
418,Invertebrados de Água Doce,Insecta,Odonata,Megapodagrionidae,Heteragrion mantiqueirae,EN,15,https://www.gov.br/icmbio/pt-br/assuntos/biodiversidade/pan/saiba-mais/documentos-e-downloads/9-portaria-gm_mma-no-1-667-de-27-de-abril-de-2026.pdf
419,Invertebrados de Água Doce,Insecta,Zygoptera,Coenagrionidae,Fluminagrion taxaense,CR,15,https://www.gov.br/icmbio/pt-br/assuntos/biodiversidade/pan/saiba-mais/documentos-e-downloads/9-portaria-gm_mma-no-1-667-de-27-de-abril-de-2026.pdf
420,Invertebrados de Água Doce,Malacostraca,Amphipoda,Artesiidae,Spelaeogammarus bahiensis,VU,15,https://www.gov.br/icmbio/pt-br/assuntos/biodiversidade/pan/saiba-mais/documentos-e-downloads/9-portaria-gm_mma-no-1-667-de-27-de-abril-de-2026.pdf
421,Invertebrados de Água Doce,Malacostraca,Amphipoda,Artesiidae,Spelaeogammarus ginae,CR,15,https://www.gov.br/icmbio/pt-br/assuntos/biodiversidade/pan/saiba-mais/documentos-e-downloads/9-portaria-gm_mma-no-1-667-de-27-de-abril-de-2026.pdf
422,Invertebrados de Água Doce,Malacostraca,Amphipoda,Artesiidae,Spelaeogammarus sanctus,CR,15,https://www.gov.br/icmbio/pt-br/assuntos/biodiversidade/pan/saiba-mais/documentos-e-downloads/9-portaria-gm_mma-no-1-667-de-27-de-abril-de-2026.pdf
423,Invertebrados de Água Doce,Malacostraca,Amphipoda,Artesiidae,Spelaeogammarus santanensis,CR,15,https://www.gov.br/icmbio/pt-br/assuntos/biodiversidade/pan/saiba-mais/documentos-e-downloads/9-portaria-gm_mma-no-1-667-de-27-de-abril-de-2026.pdf
424,Invertebrados de Água Doce,Malacostraca,Amphipoda,Artesiidae,Spelaeogammarus spinilacertus,EN,15,https://www.gov.br/icmbio/pt-br/assuntos/biodiversidade/pan/saiba-mais/documentos-e-downloads/9-portaria-gm_mma-no-1-667-de-27-de-abril-de-2026.pdf
425,Invertebrados de Água Doce,Malacostraca,Amphipoda,Artesiidae,Spelaeogammarus titan,CR,15,https://www.gov.br/icmbio/pt-br/assuntos/biodiversidade/pan/saiba-mais/documentos-e-downloads/9-portaria-gm_mma-no-1-667-de-27-de-abril-de-2026.pdf
426,Invertebrados de Água Doce,Malacostraca,Amphipoda,Artesiidae,Spelaeogammarus trajanoae,EN,15,https://www.gov.br/icmbio/pt-br/assuntos/biodiversidade/pan/saiba-mais/documentos-e-downloads/9-portaria-gm_mma-no-1-667-de-27-de-abril-de-2026.pdf
427,Invertebrados de Água Doce,Malacostraca,Amphipoda,Bogidiellidae,Megagidiella azul,VU,15,https://www.gov.br/icmbio/pt-br/assuntos/biodiversidade/pan/saiba-mais/documentos-e-downloads/9-portaria-gm_mma-no-1-667-de-27-de-abril-de-2026.pdf
428,Invertebrados de Água Doce,Malacostraca,Amphipoda,Hyalellidae,Hyalella caeca,VU,15,https://www.gov.br/icmbio/pt-br/assuntos/biodiversidade/pan/saiba-mais/documentos-e-downloads/9-portaria-gm_mma-no-1-667-de-27-de-abril-de-2026.pdf
429,Invertebrados de Água Doce,Malacostraca,Amphipoda,Hyalellidae,Hyalella epikarstica,CR,15,https://www.gov.br/icmbio/pt-br/assuntos/biodiversidade/pan/saiba-mais/documentos-e-downloads/9-portaria-gm_mma-no-1-667-de-27-de-abril-de-2026.pdf
430,Invertebrados de Água Doce,Malacostraca,Amphipoda,Hyalellidae,Hyalella formosa,CR,15,https://www.gov.br/icmbio/pt-br/assuntos/biodiversidade/pan/saiba-mais/documentos-e-downloads/9-portaria-gm_mma-no-1-667-de-27-de-abril-de-2026.pdf
431,Invertebrados de Água Doce,Malacostraca,Amphipoda,Hyalellidae,Hyalella imbya,CR,15,https://www.gov.br/icmbio/pt-br/assuntos/biodiversidade/pan/saiba-mais/documentos-e-downloads/9-portaria-gm_mma-no-1-667-de-27-de-abril-de-2026.pdf
432,Invertebrados de Água Doce,Malacostraca,Amphipoda,Hyalellidae,Hyalella veredae,VU,15,https://www.gov.br/icmbio/pt-br/assuntos/biodiversidade/pan/saiba-mais/documentos-e-downloads/9-portaria-gm_mma-no-1-667-de-27-de-abril-de-2026.pdf
433,Invertebrados de Água Doce,Malacostraca,Amphipoda,Mesogammaridae,Potiberaba porakuara,VU,15,https://www.gov.br/icmbio/pt-br/assuntos/biodiversidade/pan/saiba-mais/documentos-e-downloads/9-portaria-gm_mma-no-1-667-de-27-de-abril-de-2026.pdf
434,Invertebrados de Água Doce,Malacostraca,Amphipoda,Seborgiidae,Seborgia potiguar,CR,15,https://www.gov.br/icmbio/pt-br/assuntos/biodiversidade/pan/saiba-mais/documentos-e-downloads/9-portaria-gm_mma-no-1-667-de-27-de-abril-de-2026.pdf
435,Invertebrados de Água Doce,Malacostraca,Decapoda,Aeglidae,Aegla brevipalma,CR,15,https://www.gov.br/icmbio/pt-br/assuntos/biodiversidade/pan/saiba-mais/documentos-e-downloads/9-portaria-gm_mma-no-1-667-de-27-de-abril-de-2026.pdf
436,Invertebrados de Água Doce,Malacostraca,Decapoda,Aeglidae,Aegla camargoi,EN,15,https://www.gov.br/icmbio/pt-br/assuntos/biodiversidade/pan/saiba-mais/documentos-e-downloads/9-portaria-gm_mma-no-1-667-de-27-de-abril-de-2026.pdf
437,Invertebrados de Água Doce,Malacostraca,Decapoda,Aeglidae,Aegla cavernicola,CR,15,https://www.gov.br/icmbio/pt-br/assuntos/biodiversidade/pan/saiba-mais/documentos-e-downloads/9-portaria-gm_mma-no-1-667-de-27-de-abril-de-2026.pdf
438,Invertebrados de Água Doce,Malacostraca,Decapoda,Aeglidae,Aegla charon,CR,16,https://www.gov.br/icmbio/pt-br/assuntos/biodiversidade/pan/saiba-mais/documentos-e-downloads/9-portaria-gm_mma-no-1-667-de-27-de-abril-de-2026.pdf
439,Invertebrados de Água Doce,Malacostraca,Decapoda,Aeglidae,Aegla franca,EN,16,https://www.gov.br/icmbio/pt-br/assuntos/biodiversidade/pan/saiba-mais/documentos-e-downloads/9-portaria-gm_mma-no-1-667-de-27-de-abril-de-2026.pdf
440,Invertebrados de Água Doce,Malacostraca,Decapoda,Aeglidae,Aegla georginae,EN,16,https://www.gov.br/icmbio/pt-br/assuntos/biodiversidade/pan/saiba-mais/documentos-e-downloads/9-portaria-gm_mma-no-1-667-de-27-de-abril-de-2026.pdf
441,Invertebrados de Água Doce,Malacostraca,Decapoda,Aeglidae,Aegla inconspicua,VU,16,https://www.gov.br/icmbio/pt-br/assuntos/biodiversidade/pan/saiba-mais/documentos-e-downloads/9-portaria-gm_mma-no-1-667-de-27-de-abril-de-2026.pdf
442,Invertebrados de Água Doce,Malacostraca,Decapoda,Aeglidae,Aegla inermis,EN,16,https://www.gov.br/icmbio/pt-br/assuntos/biodiversidade/pan/saiba-mais/documentos-e-downloads/9-portaria-gm_mma-no-1-667-de-27-de-abril-de-2026.pdf
443,Invertebrados de Água Doce,Malacostraca,Decapoda,Aeglidae,Aegla itacolomiensis,EN,16,https://www.gov.br/icmbio/pt-br/assuntos/biodiversidade/pan/saiba-mais/documentos-e-downloads/9-portaria-gm_mma-no-1-667-de-27-de-abril-de-2026.pdf
444,Invertebrados de Água Doce,Malacostraca,Decapoda,Aeglidae,Aegla leachi,EN,16,https://www.gov.br/icmbio/pt-br/assuntos/biodiversidade/pan/saiba-mais/documentos-e-downloads/9-portaria-gm_mma-no-1-667-de-27-de-abril-de-2026.pdf
445,Invertebrados de Água Doce,Malacostraca,Decapoda,Aeglidae,Aegla leptochela,CR,16,https://www.gov.br/icmbio/pt-br/assuntos/biodiversidade/pan/saiba-mais/documentos-e-downloads/9-portaria-gm_mma-no-1-667-de-27-de-abril-de-2026.pdf
446,Invertebrados de Água Doce,Malacostraca,Decapoda,Aeglidae,Aegla loyolai,EN,16,https://www.gov.br/icmbio/pt-br/assuntos/biodiversidade/pan/saiba-mais/documentos-e-downloads/9-portaria-gm_mma-no-1-667-de-27-de-abril-de-2026.pdf
447,Invertebrados de Água Doce,Malacostraca,Decapoda,Aeglidae,Aegla ludwigi,EN,16,https://www.gov.br/icmbio/pt-br/assuntos/biodiversidade/pan/saiba-mais/documentos-e-downloads/9-portaria-gm_mma-no-1-667-de-27-de-abril-de-2026.pdf
448,Invertebrados de Água Doce,Malacostraca,Decapoda,Aeglidae,Aegla manuinflata,EN,16,https://www.gov.br/icmbio/pt-br/assuntos/biodiversidade/pan/saiba-mais/documentos-e-downloads/9-portaria-gm_mma-no-1-667-de-27-de-abril-de-2026.pdf
449,Invertebrados de Água Doce,Malacostraca,Decapoda,Aeglidae,Aegla meloi,EN,16,https://www.gov.br/icmbio/pt-br/assuntos/biodiversidade/pan/saiba-mais/documentos-e-downloads/9-portaria-gm_mma-no-1-667-de-27-de-abril-de-2026.pdf
450,Invertebrados de Água Doce,Malacostraca,Decapoda,Aeglidae,Aegla microphthalma,CR,16,https://www.gov.br/icmbio/pt-br/assuntos/biodiversidade/pan/saiba-mais/documentos-e-downloads/9-portaria-gm_mma-no-1-667-de-27-de-abril-de-2026.pdf
451,Invertebrados de Água Doce,Malacostraca,Decapoda,Aeglidae,Aegla oblata,EN,16,https://www.gov.br/icmbio/pt-br/assuntos/biodiversidade/pan/saiba-mais/documentos-e-downloads/9-portaria-gm_mma-no-1-667-de-27-de-abril-de-2026.pdf
452,Invertebrados de Água Doce,Malacostraca,Decapoda,Aeglidae,Aegla obstipa,EN,16,https://www.gov.br/icmbio/pt-br/assuntos/biodiversidade/pan/saiba-mais/documentos-e-downloads/9-portaria-gm_mma-no-1-667-de-27-de-abril-de-2026.pdf
453,Invertebrados de Água Doce,Malacostraca,Decapoda,Aeglidae,Aegla okora,EN,16,https://www.gov.br/icmbio/pt-br/assuntos/biodiversidade/pan/saiba-mais/documentos-e-downloads/9-portaria-gm_mma-no-1-667-de-27-de-abril-de-2026.pdf
454,Invertebrados de Água Doce,Malacostraca,Decapoda,Aeglidae,Aegla perobae,EN,16,https://www.gov.br/icmbio/pt-br/assuntos/biodiversidade/pan/saiba-mais/documentos-e-downloads/9-portaria-gm_mma-no-1-667-de-27-de-abril-de-2026.pdf
455,Invertebrados de Água Doce,Malacostraca,Decapoda,Aeglidae,Aegla renana,EN,16,https://www.gov.br/icmbio/pt-br/assuntos/biodiversidade/pan/saiba-mais/documentos-e-downloads/9-portaria-gm_mma-no-1-667-de-27-de-abril-de-2026.pdf
456,Invertebrados de Água Doce,Malacostraca,Decapoda,Aeglidae,Aegla rosanae,EN,16,https://www.gov.br/icmbio/pt-br/assuntos/biodiversidade/pan/saiba-mais/documentos-e-downloads/9-portaria-gm_mma-no-1-667-de-27-de-abril-de-2026.pdf
457,Invertebrados de Água Doce,Malacostraca,Decapoda,Aeglidae,Aegla violacea,EN,16,https://www.gov.br/icmbio/pt-br/assuntos/biodiversidade/pan/saiba-mais/documentos-e-downloads/9-portaria-gm_mma-no-1-667-de-27-de-abril-de-2026.pdf
458,Invertebrados de Água Doce,Malacostraca,Decapoda,Palaemonidae,Macrobrachium denticulatum,VU,16,https://www.gov.br/icmbio/pt-br/assuntos/biodiversidade/pan/saiba-mais/documentos-e-downloads/9-portaria-gm_mma-no-1-667-de-27-de-abril-de-2026.pdf
459,Invertebrados de Água Doce,Malacostraca,Decapoda,Parastacidae,Parastacus tuerkayi,EN,16,https://www.gov.br/icmbio/pt-br/assuntos/biodiversidade/pan/saiba-mais/documentos-e-downloads/9-portaria-gm_mma-no-1-667-de-27-de-abril-de-2026.pdf
460,Invertebrados de Água Doce,Malacostraca,Decapoda,Pseudothelphusidae,Kingsleya attenboroughi,EN,16,https://www.gov.br/icmbio/pt-br/assuntos/biodiversidade/pan/saiba-mais/documentos-e-downloads/9-portaria-gm_mma-no-1-667-de-27-de-abril-de-2026.pdf
461,Invertebrados de Água Doce,Malacostraca,Isopoda,Brasileirinidae,Brasileirinho cavaticus,CR,16,https://www.gov.br/icmbio/pt-br/assuntos/biodiversidade/pan/saiba-mais/documentos-e-downloads/9-portaria-gm_mma-no-1-667-de-27-de-abril-de-2026.pdf
462,Invertebrados de Água Doce,Malacostraca,Isopoda,Calabozoidae,Pongycarcinia xiphidiourus,EN,16,https://www.gov.br/icmbio/pt-br/assuntos/biodiversidade/pan/saiba-mais/documentos-e-downloads/9-portaria-gm_mma-no-1-667-de-27-de-abril-de-2026.pdf
463,Invertebrados de Água Doce,Rhabditophora,Tricladida,Dugesiidae,Girardia arenicola,CR,16,https://www.gov.br/icmbio/pt-br/assuntos/biodiversidade/pan/saiba-mais/documentos-e-downloads/9-portaria-gm_mma-no-1-667-de-27-de-abril-de-2026.pdf
464,Invertebrados de Água Doce,Rhabditophora,Tricladida,Dugesiidae,Girardia desiderensis,CR,16,https://www.gov.br/icmbio/pt-br/assuntos/biodiversidade/pan/saiba-mais/documentos-e-downloads/9-portaria-gm_mma-no-1-667-de-27-de-abril-de-2026.pdf
465,Invertebrados de Água Doce,Rhabditophora,Tricladida,Dugesiidae,Girardia multidiverticulata,CR,16,https://www.gov.br/icmbio/pt-br/assuntos/biodiversidade/pan/saiba-mais/documentos-e-downloads/9-portaria-gm_mma-no-1-667-de-27-de-abril-de-2026.pdf
466,Invertebrados de Água Doce,Rhabditophora,Tricladida,Dugesiidae,Girardia paucipunctata,CR,16,https://www.gov.br/icmbio/pt-br/assuntos/biodiversidade/pan/saiba-mais/documentos-e-downloads/9-portaria-gm_mma-no-1-667-de-27-de-abril-de-2026.pdf
467,Invertebrados de Água Doce,Rhabditophora,Tricladida,Dugesiidae,Girardia spelaea,VU,16,https://www.gov.br/icmbio/pt-br/assuntos/biodiversidade/pan/saiba-mais/documentos-e-downloads/9-portaria-gm_mma-no-1-667-de-27-de-abril-de-2026.pdf
468,Invertebrados de Água Doce,Rhabditophora,Tricladida,Uteriporidae,Sluysia triapertura,CR,16,https://www.gov.br/icmbio/pt-br/assuntos/biodiversidade/pan/saiba-mais/documentos-e-downloads/9-portaria-gm_mma-no-1-667-de-27-de-abril-de-2026.pdf
469,Invertebrados de Água Doce,Rhabditophora,Tricladida,Dimarcusidae,Hausera hauseri,VU,16,https://www.gov.br/icmbio/pt-br/assuntos/biodiversidade/pan/saiba-mais/documentos-e-downloads/9-portaria-gm_mma-no-1-667-de-27-de-abril-de-2026.pdf
470,Invertebrados Marinhos,Anthozoa,Actiniaria,Actiniidae,Condylactis gigantea,VU,17,https://www.gov.br/icmbio/pt-br/assuntos/biodiversidade/pan/saiba-mais/documentos-e-downloads/9-portaria-gm_mma-no-1-667-de-27-de-abril-de-2026.pdf
471,Invertebrados Marinhos,Anthozoa,Alcyonacea,Plexauridae,Plexaurella obesa,CR,17,https://www.gov.br/icmbio/pt-br/assuntos/biodiversidade/pan/saiba-mais/documentos-e-downloads/9-portaria-gm_mma-no-1-667-de-27-de-abril-de-2026.pdf
472,Invertebrados Marinhos,Anthozoa,Scleractinia,Faviidae,Mussismilia braziliensis,VU,17,https://www.gov.br/icmbio/pt-br/assuntos/biodiversidade/pan/saiba-mais/documentos-e-downloads/9-portaria-gm_mma-no-1-667-de-27-de-abril-de-2026.pdf
473,Invertebrados Marinhos,Anthozoa,Scleractinia,Faviidae,Mussismilia harttii,EN,17,https://www.gov.br/icmbio/pt-br/assuntos/biodiversidade/pan/saiba-mais/documentos-e-downloads/9-portaria-gm_mma-no-1-667-de-27-de-abril-de-2026.pdf
474,Invertebrados Marinhos,Asteroidea,Paxillosida,Astropectinidae,Astropecten marginatus,VU,17,https://www.gov.br/icmbio/pt-br/assuntos/biodiversidade/pan/saiba-mais/documentos-e-downloads/9-portaria-gm_mma-no-1-667-de-27-de-abril-de-2026.pdf
475,Invertebrados Marinhos,Asteroidea,Valvatida,Ophidiasteridae,Linckia guildingi,VU,17,https://www.gov.br/icmbio/pt-br/assuntos/biodiversidade/pan/saiba-mais/documentos-e-downloads/9-portaria-gm_mma-no-1-667-de-27-de-abril-de-2026.pdf
476,Invertebrados Marinhos,Asteroidea,Valvatida,Oreasteridae,Oreaster reticulatus,VU,17,https://www.gov.br/icmbio/pt-br/assuntos/biodiversidade/pan/saiba-mais/documentos-e-downloads/9-portaria-gm_mma-no-1-667-de-27-de-abril-de-2026.pdf
477,Invertebrados Marinhos,Bivalvia,Pectinida,Pectinidae,Euvola ziczac,EN,17,https://www.gov.br/icmbio/pt-br/assuntos/biodiversidade/pan/saiba-mais/documentos-e-downloads/9-portaria-gm_mma-no-1-667-de-27-de-abril-de-2026.pdf
478,Invertebrados Marinhos,Echinoidea,Cassiduloida,Cassidulidae,Cassidulus infidus,EN,17,https://www.gov.br/icmbio/pt-br/assuntos/biodiversidade/pan/saiba-mais/documentos-e-downloads/9-portaria-gm_mma-no-1-667-de-27-de-abril-de-2026.pdf
479,Invertebrados Marinhos,Echinoidea,Cassiduloida,Cassidulidae,Cassidulus mitis,VU,17,https://www.gov.br/icmbio/pt-br/assuntos/biodiversidade/pan/saiba-mais/documentos-e-downloads/9-portaria-gm_mma-no-1-667-de-27-de-abril-de-2026.pdf
480,Invertebrados Marinhos,Gastropoda,Littorinimorpha,Cassidae,Cassis tuberosa,VU,17,https://www.gov.br/icmbio/pt-br/assuntos/biodiversidade/pan/saiba-mais/documentos-e-downloads/9-portaria-gm_mma-no-1-667-de-27-de-abril-de-2026.pdf
481,Invertebrados Marinhos,Gastropoda,Littorinimorpha,Strombidae,Eustrombus goliath,EN,17,https://www.gov.br/icmbio/pt-br/assuntos/biodiversidade/pan/saiba-mais/documentos-e-downloads/9-portaria-gm_mma-no-1-667-de-27-de-abril-de-2026.pdf
482,Invertebrados Marinhos,Gastropoda,Littorinimorpha,Strombidae,Macrostrombus costatus,VU,17,https://www.gov.br/icmbio/pt-br/assuntos/biodiversidade/pan/saiba-mais/documentos-e-downloads/9-portaria-gm_mma-no-1-667-de-27-de-abril-de-2026.pdf
483,Invertebrados Marinhos,Gastropoda,Littorinimorpha,Vermetidae,Petaloconchus myrakeenae,VU,17,https://www.gov.br/icmbio/pt-br/assuntos/biodiversidade/pan/saiba-mais/documentos-e-downloads/9-portaria-gm_mma-no-1-667-de-27-de-abril-de-2026.pdf
484,Invertebrados Marinhos,Holothuroidea,Apodida,Synaptidae,Synaptula secreta,CR,17,https://www.gov.br/icmbio/pt-br/assuntos/biodiversidade/pan/saiba-mais/documentos-e-downloads/9-portaria-gm_mma-no-1-667-de-27-de-abril-de-2026.pdf
485,Invertebrados Marinhos,Holothuroidea,Dendrochirotida,Cucumariidae,Parathyone surinamensis,VU,17,https://www.gov.br/icmbio/pt-br/assuntos/biodiversidade/pan/saiba-mais/documentos-e-downloads/9-portaria-gm_mma-no-1-667-de-27-de-abril-de-2026.pdf
486,Invertebrados Marinhos,Hydrozoa,Anthoathecata,Milleporidae,Millepora braziliensis,CR,17,https://www.gov.br/icmbio/pt-br/assuntos/biodiversidade/pan/saiba-mais/documentos-e-downloads/9-portaria-gm_mma-no-1-667-de-27-de-abril-de-2026.pdf
487,Invertebrados Marinhos,Hydrozoa,Anthoathecata,Milleporidae,Millepora laboreli,VU,17,https://www.gov.br/icmbio/pt-br/assuntos/biodiversidade/pan/saiba-mais/documentos-e-downloads/9-portaria-gm_mma-no-1-667-de-27-de-abril-de-2026.pdf
488,Invertebrados Marinhos,Malacostraca,Decapoda,Gecarcinidae,Cardisoma guanhumi,VU,17,https://www.gov.br/icmbio/pt-br/assuntos/biodiversidade/pan/saiba-mais/documentos-e-downloads/9-portaria-gm_mma-no-1-667-de-27-de-abril-de-2026.pdf
489,Invertebrados Marinhos,Malacostraca,Decapoda,Gecarcinidae,Johngarthia lagostoma,EN,17,https://www.gov.br/icmbio/pt-br/assuntos/biodiversidade/pan/saiba-mais/documentos-e-downloads/9-portaria-gm_mma-no-1-667-de-27-de-abril-de-2026.pdf
490,Invertebrados Marinhos,Polychaeta,Eunicida,Onuphidae,Diopatra victoriae,EN,17,https://www.gov.br/icmbio/pt-br/assuntos/biodiversidade/pan/saiba-mais/documentos-e-downloads/9-portaria-gm_mma-no-1-667-de-27-de-abril-de-2026.pdf
